timestamp,api_name,latency_seconds,peak_vram_gb,extra_info
2026-05-08 08:00:00,analyze_trend,1.048,0.0,processed_items:1
2026-05-08 08:00:15,analyze_trend,0.913,0.0,processed_items:1
2026-05-08 08:00:30,analyze_trend,1.05,0.0,processed_items:1
2026-05-08 08:00:45,analyze_trend,0.881,0.0,processed_items:1
2026-05-08 08:01:00,analyze_trend,0.859,0.0,processed_items:1
2026-05-08 08:01:15,analyze_trend,0.98,0.0,processed_items:1
2026-05-08 08:01:30,analyze_trend,1.044,0.0,processed_items:1
2026-05-08 08:01:45,analyze_trend,0.886,0.0,processed_items:1
2026-05-08 08:02:00,analyze_trend,1.017,0.0,processed_items:1
2026-05-08 08:02:15,analyze_trend,0.992,0.0,processed_items:1
2026-05-08 08:02:30,analyze_trend,0.963,0.0,processed_items:1
2026-05-08 08:02:45,analyze_trend,1.117,0.0,processed_items:1
2026-05-08 08:03:00,analyze_trend,0.961,0.0,processed_items:1
2026-05-08 08:03:15,analyze_trend,1.024,0.0,processed_items:1
2026-05-08 08:03:30,analyze_trend,0.887,0.0,processed_items:1
2026-05-08 08:03:45,analyze_trend,0.945,0.0,processed_items:1
2026-05-08 08:04:00,analyze_trend,0.918,0.0,processed_items:1
2026-05-08 08:04:15,analyze_trend,1.047,0.0,processed_items:1
2026-05-08 08:04:30,analyze_trend,1.142,0.0,processed_items:1
2026-05-08 08:04:45,analyze_trend,0.926,0.0,processed_items:1
2026-05-08 08:30:00,generate_design,45.0563,8.77,num_images:4
2026-05-08 08:32:00,generate_design,44.7606,8.55,num_images:4
2026-05-08 08:34:00,generate_design,43.917,8.96,num_images:4
2026-05-08 08:36:00,generate_design,42.2846,8.71,num_images:4
2026-05-08 08:38:00,generate_design,44.331,8.6,num_images:4
2026-05-08 08:40:00,generate_design,43.7586,8.88,num_images:4
2026-05-08 08:42:00,generate_design,43.8325,8.69,num_images:4
2026-05-08 08:44:00,generate_design,45.2789,9.6,num_images:4
2026-05-08 08:46:00,generate_design,45.4779,8.57,num_images:4
2026-05-08 08:48:00,generate_design,43.9253,8.74,num_images:4
2026-05-08 08:50:00,generate_design,45.3881,8.65,num_images:4
2026-05-08 08:52:00,generate_design,45.1287,8.55,num_images:4
2026-05-08 08:54:00,generate_design,45.1013,9.09,num_images:4
2026-05-08 08:56:00,generate_design,44.1101,8.69,num_images:4
2026-05-08 08:58:00,generate_design,44.08,8.98,num_images:4
2026-05-08 09:00:00,generate_design,43.9714,9.6,num_images:4
2026-05-08 09:02:00,generate_design,45.1684,8.64,num_images:4
2026-05-08 09:04:00,generate_design,42.203,8.87,num_images:4
2026-05-08 09:06:00,generate_design,45.1473,8.64,num_images:4
2026-05-08 09:08:00,generate_design,42.2474,8.89,num_images:4
