product_id,date,daily_sold,scenario
1649019273,2026-02-21,9,Normal
1649019273,2026-02-22,13,Normal
1649019273,2026-02-23,11,Normal
1649019273,2026-02-24,13,Normal
1649019273,2026-02-25,12,Normal
1649019273,2026-02-26,12,Normal
1649019273,2026-02-27,10,Normal
1649019273,2026-02-28,12,Normal
1649019273,2026-03-01,12,Normal
1649019273,2026-03-02,11,Normal
1649019273,2026-03-03,10,Normal
1649019273,2026-03-04,12,Normal
1649019273,2026-03-05,12,Normal
1649019273,2026-03-06,9,Normal
1649019273,2026-03-07,10,Normal
1649019273,2026-03-08,9,Normal
1649019273,2026-03-09,9,Normal
1649019273,2026-03-10,10,Normal
1649019273,2026-03-11,12,Normal
1649019273,2026-03-12,9,Normal
1649019273,2026-03-13,11,Normal
1649019273,2026-03-14,9,Normal
1649019273,2026-03-15,15,Normal
1649019273,2026-03-16,11,Normal
1649019273,2026-03-17,11,Normal
1649019273,2026-03-18,11,Normal
1649019273,2026-03-19,12,Normal
1649019273,2026-03-20,12,Normal
1649019273,2026-03-21,13,Normal
1649019273,2026-03-22,15,Normal
2403373830,2026-02-21,112,Normal
2403373830,2026-02-22,116,Normal
2403373830,2026-02-23,86,Normal
2403373830,2026-02-24,107,Normal
2403373830,2026-02-25,77,Normal
2403373830,2026-02-26,99,Normal
2403373830,2026-02-27,94,Normal
2403373830,2026-02-28,128,Normal
2403373830,2026-03-01,82,Normal
2403373830,2026-03-02,120,Normal
2403373830,2026-03-03,84,Normal
2403373830,2026-03-04,91,Normal
2403373830,2026-03-05,84,Normal
2403373830,2026-03-06,114,Normal
2403373830,2026-03-07,125,Normal
2403373830,2026-03-08,67,Normal
2403373830,2026-03-09,119,Normal
2403373830,2026-03-10,109,Normal
2403373830,2026-03-11,102,Normal
2403373830,2026-03-12,111,Normal
2403373830,2026-03-13,114,Normal
2403373830,2026-03-14,121,Normal
2403373830,2026-03-15,85,Normal
2403373830,2026-03-16,117,Normal
2403373830,2026-03-17,134,Normal
2403373830,2026-03-18,77,Normal
2403373830,2026-03-19,88,Normal
2403373830,2026-03-20,98,Normal
2403373830,2026-03-21,109,Normal
2403373830,2026-03-22,120,Normal
2325164494,2026-02-21,2,Trending
2325164494,2026-02-22,3,Trending
2325164494,2026-02-23,2,Trending
2325164494,2026-02-24,3,Trending
2325164494,2026-02-25,5,Trending
2325164494,2026-02-26,4,Trending
2325164494,2026-02-27,5,Trending
2325164494,2026-02-28,7,Trending
2325164494,2026-03-01,5,Trending
2325164494,2026-03-02,7,Trending
2325164494,2026-03-03,6,Trending
2325164494,2026-03-04,8,Trending
2325164494,2026-03-05,9,Trending
2325164494,2026-03-06,10,Trending
2325164494,2026-03-07,10,Trending
2325164494,2026-03-08,11,Trending
2325164494,2026-03-09,13,Trending
2325164494,2026-03-10,14,Trending
2325164494,2026-03-11,16,Trending
2325164494,2026-03-12,18,Trending
2325164494,2026-03-13,20,Trending
2325164494,2026-03-14,23,Trending
2325164494,2026-03-15,25,Trending
2325164494,2026-03-16,28,Trending
2325164494,2026-03-17,31,Trending
2325164494,2026-03-18,36,Trending
2325164494,2026-03-19,41,Trending
2325164494,2026-03-20,43,Trending
2325164494,2026-03-21,47,Trending
2325164494,2026-03-22,52,Trending
2395884532,2026-02-21,7,Trending
2395884532,2026-02-22,7,Trending
2395884532,2026-02-23,6,Trending
2395884532,2026-02-24,8,Trending
2395884532,2026-02-25,9,Trending
2395884532,2026-02-26,6,Trending
2395884532,2026-02-27,11,Trending
2395884532,2026-02-28,10,Trending
2395884532,2026-03-01,13,Trending
2395884532,2026-03-02,12,Trending
2395884532,2026-03-03,16,Trending
2395884532,2026-03-04,19,Trending
2395884532,2026-03-05,19,Trending
2395884532,2026-03-06,22,Trending
2395884532,2026-03-07,25,Trending
2395884532,2026-03-08,27,Trending
2395884532,2026-03-09,29,Trending
2395884532,2026-03-10,32,Trending
2395884532,2026-03-11,32,Trending
2395884532,2026-03-12,39,Trending
2395884532,2026-03-13,45,Trending
2395884532,2026-03-14,49,Trending
2395884532,2026-03-15,54,Trending
2395884532,2026-03-16,59,Trending
2395884532,2026-03-17,67,Trending
2395884532,2026-03-18,76,Trending
2395884532,2026-03-19,83,Trending
2395884532,2026-03-20,92,Trending
2395884532,2026-03-21,103,Trending
2395884532,2026-03-22,114,Trending
2339162214,2026-02-21,94,Normal
2339162214,2026-02-22,123,Normal
2339162214,2026-02-23,131,Normal
2339162214,2026-02-24,93,Normal
2339162214,2026-02-25,115,Normal
2339162214,2026-02-26,134,Normal
2339162214,2026-02-27,130,Normal
2339162214,2026-02-28,96,Normal
2339162214,2026-03-01,86,Normal
2339162214,2026-03-02,119,Normal
2339162214,2026-03-03,121,Normal
2339162214,2026-03-04,144,Normal
2339162214,2026-03-05,74,Normal
2339162214,2026-03-06,112,Normal
2339162214,2026-03-07,116,Normal
2339162214,2026-03-08,66,Normal
2339162214,2026-03-09,130,Normal
2339162214,2026-03-10,96,Normal
2339162214,2026-03-11,82,Normal
2339162214,2026-03-12,136,Normal
2339162214,2026-03-13,104,Normal
2339162214,2026-03-14,87,Normal
2339162214,2026-03-15,106,Normal
2339162214,2026-03-16,91,Normal
2339162214,2026-03-17,128,Normal
2339162214,2026-03-18,150,Normal
2339162214,2026-03-19,119,Normal
2339162214,2026-03-20,149,Normal
2339162214,2026-03-21,117,Normal
2339162214,2026-03-22,131,Normal
2264407518,2026-02-21,1,Trending
2264407518,2026-02-22,1,Trending
2264407518,2026-02-23,1,Trending
2264407518,2026-02-24,1,Trending
2264407518,2026-02-25,1,Trending
2264407518,2026-02-26,1,Trending
2264407518,2026-02-27,1,Trending
2264407518,2026-02-28,1,Trending
2264407518,2026-03-01,1,Trending
2264407518,2026-03-02,1,Trending
2264407518,2026-03-03,2,Trending
2264407518,2026-03-04,1,Trending
2264407518,2026-03-05,1,Trending
2264407518,2026-03-06,1,Trending
2264407518,2026-03-07,1,Trending
2264407518,2026-03-08,1,Trending
2264407518,2026-03-09,1,Trending
2264407518,2026-03-10,1,Trending
2264407518,2026-03-11,1,Trending
2264407518,2026-03-12,1,Trending
2264407518,2026-03-13,1,Trending
2264407518,2026-03-14,1,Trending
2264407518,2026-03-15,1,Trending
2264407518,2026-03-16,1,Trending
2264407518,2026-03-17,1,Trending
2264407518,2026-03-18,1,Trending
2264407518,2026-03-19,1,Trending
2264407518,2026-03-20,1,Trending
2264407518,2026-03-21,1,Trending
2264407518,2026-03-22,1,Trending
1565285213,2026-02-21,21,Normal
1565285213,2026-02-22,34,Normal
1565285213,2026-02-23,38,Normal
1565285213,2026-02-24,38,Normal
1565285213,2026-02-25,46,Normal
1565285213,2026-02-26,41,Normal
1565285213,2026-02-27,40,Normal
1565285213,2026-02-28,31,Normal
1565285213,2026-03-01,22,Normal
1565285213,2026-03-02,38,Normal
1565285213,2026-03-03,40,Normal
1565285213,2026-03-04,42,Normal
1565285213,2026-03-05,32,Normal
1565285213,2026-03-06,40,Normal
1565285213,2026-03-07,39,Normal
1565285213,2026-03-08,29,Normal
1565285213,2026-03-09,29,Normal
1565285213,2026-03-10,31,Normal
1565285213,2026-03-11,30,Normal
1565285213,2026-03-12,28,Normal
1565285213,2026-03-13,30,Normal
1565285213,2026-03-14,42,Normal
1565285213,2026-03-15,41,Normal
1565285213,2026-03-16,33,Normal
1565285213,2026-03-17,39,Normal
1565285213,2026-03-18,33,Normal
1565285213,2026-03-19,47,Normal
1565285213,2026-03-20,41,Normal
1565285213,2026-03-21,43,Normal
1565285213,2026-03-22,30,Normal
2493644582,2026-02-21,2,Normal
2493644582,2026-02-22,2,Normal
2493644582,2026-02-23,3,Normal
2493644582,2026-02-24,3,Normal
2493644582,2026-02-25,2,Normal
2493644582,2026-02-26,2,Normal
2493644582,2026-02-27,2,Normal
2493644582,2026-02-28,3,Normal
2493644582,2026-03-01,2,Normal
2493644582,2026-03-02,2,Normal
2493644582,2026-03-03,2,Normal
2493644582,2026-03-04,3,Normal
2493644582,2026-03-05,2,Normal
2493644582,2026-03-06,2,Normal
2493644582,2026-03-07,2,Normal
2493644582,2026-03-08,2,Normal
2493644582,2026-03-09,2,Normal
2493644582,2026-03-10,3,Normal
2493644582,2026-03-11,3,Normal
2493644582,2026-03-12,2,Normal
2493644582,2026-03-13,3,Normal
2493644582,2026-03-14,3,Normal
2493644582,2026-03-15,1,Normal
2493644582,2026-03-16,3,Normal
2493644582,2026-03-17,2,Normal
2493644582,2026-03-18,3,Normal
2493644582,2026-03-19,2,Normal
2493644582,2026-03-20,3,Normal
2493644582,2026-03-21,2,Normal
2493644582,2026-03-22,1,Normal
2456608593,2026-02-21,20,Normal
2456608593,2026-02-22,17,Normal
2456608593,2026-02-23,24,Normal
2456608593,2026-02-24,20,Normal
2456608593,2026-02-25,24,Normal
2456608593,2026-02-26,24,Normal
2456608593,2026-02-27,19,Normal
2456608593,2026-02-28,28,Normal
2456608593,2026-03-01,25,Normal
2456608593,2026-03-02,16,Normal
2456608593,2026-03-03,22,Normal
2456608593,2026-03-04,15,Normal
2456608593,2026-03-05,27,Normal
2456608593,2026-03-06,23,Normal
2456608593,2026-03-07,17,Normal
2456608593,2026-03-08,18,Normal
2456608593,2026-03-09,10,Normal
2456608593,2026-03-10,17,Normal
2456608593,2026-03-11,16,Normal
2456608593,2026-03-12,19,Normal
2456608593,2026-03-13,23,Normal
2456608593,2026-03-14,15,Normal
2456608593,2026-03-15,20,Normal
2456608593,2026-03-16,18,Normal
2456608593,2026-03-17,27,Normal
2456608593,2026-03-18,22,Normal
2456608593,2026-03-19,15,Normal
2456608593,2026-03-20,21,Normal
2456608593,2026-03-21,13,Normal
2456608593,2026-03-22,15,Normal
2941180833,2026-02-21,34,Normal
2941180833,2026-02-22,25,Normal
2941180833,2026-02-23,35,Normal
2941180833,2026-02-24,38,Normal
2941180833,2026-02-25,51,Normal
2941180833,2026-02-26,34,Normal
2941180833,2026-02-27,36,Normal
2941180833,2026-02-28,44,Normal
2941180833,2026-03-01,30,Normal
2941180833,2026-03-02,27,Normal
2941180833,2026-03-03,31,Normal
2941180833,2026-03-04,35,Normal
2941180833,2026-03-05,35,Normal
2941180833,2026-03-06,24,Normal
2941180833,2026-03-07,38,Normal
2941180833,2026-03-08,34,Normal
2941180833,2026-03-09,33,Normal
2941180833,2026-03-10,35,Normal
2941180833,2026-03-11,32,Normal
2941180833,2026-03-12,26,Normal
2941180833,2026-03-13,39,Normal
2941180833,2026-03-14,36,Normal
2941180833,2026-03-15,32,Normal
2941180833,2026-03-16,36,Normal
2941180833,2026-03-17,33,Normal
2941180833,2026-03-18,25,Normal
2941180833,2026-03-19,35,Normal
2941180833,2026-03-20,34,Normal
2941180833,2026-03-21,23,Normal
2941180833,2026-03-22,29,Normal
2096887619,2026-02-21,22,Normal
2096887619,2026-02-22,20,Normal
2096887619,2026-02-23,31,Normal
2096887619,2026-02-24,20,Normal
2096887619,2026-02-25,25,Normal
2096887619,2026-02-26,23,Normal
2096887619,2026-02-27,25,Normal
2096887619,2026-02-28,13,Normal
2096887619,2026-03-01,24,Normal
2096887619,2026-03-02,17,Normal
2096887619,2026-03-03,28,Normal
2096887619,2026-03-04,22,Normal
2096887619,2026-03-05,20,Normal
2096887619,2026-03-06,22,Normal
2096887619,2026-03-07,18,Normal
2096887619,2026-03-08,17,Normal
2096887619,2026-03-09,23,Normal
2096887619,2026-03-10,23,Normal
2096887619,2026-03-11,23,Normal
2096887619,2026-03-12,17,Normal
2096887619,2026-03-13,29,Normal
2096887619,2026-03-14,20,Normal
2096887619,2026-03-15,29,Normal
2096887619,2026-03-16,30,Normal
2096887619,2026-03-17,25,Normal
2096887619,2026-03-18,18,Normal
2096887619,2026-03-19,23,Normal
2096887619,2026-03-20,29,Normal
2096887619,2026-03-21,23,Normal
2096887619,2026-03-22,22,Normal
1732034337,2026-02-21,388,Normal
1732034337,2026-02-22,351,Normal
1732034337,2026-02-23,294,Normal
1732034337,2026-02-24,274,Normal
1732034337,2026-02-25,211,Normal
1732034337,2026-02-26,365,Normal
1732034337,2026-02-27,263,Normal
1732034337,2026-02-28,207,Normal
1732034337,2026-03-01,222,Normal
1732034337,2026-03-02,284,Normal
1732034337,2026-03-03,217,Normal
1732034337,2026-03-04,274,Normal
1732034337,2026-03-05,337,Normal
1732034337,2026-03-06,284,Normal
1732034337,2026-03-07,240,Normal
1732034337,2026-03-08,135,Normal
1732034337,2026-03-09,281,Normal
1732034337,2026-03-10,281,Normal
1732034337,2026-03-11,367,Normal
1732034337,2026-03-12,305,Normal
1732034337,2026-03-13,205,Normal
1732034337,2026-03-14,219,Normal
1732034337,2026-03-15,260,Normal
1732034337,2026-03-16,299,Normal
1732034337,2026-03-17,239,Normal
1732034337,2026-03-18,308,Normal
1732034337,2026-03-19,263,Normal
1732034337,2026-03-20,247,Normal
1732034337,2026-03-21,326,Normal
1732034337,2026-03-22,249,Normal
2218178707,2026-02-21,3,Normal
2218178707,2026-02-22,3,Normal
2218178707,2026-02-23,6,Normal
2218178707,2026-02-24,4,Normal
2218178707,2026-02-25,4,Normal
2218178707,2026-02-26,4,Normal
2218178707,2026-02-27,3,Normal
2218178707,2026-02-28,5,Normal
2218178707,2026-03-01,5,Normal
2218178707,2026-03-02,4,Normal
2218178707,2026-03-03,6,Normal
2218178707,2026-03-04,5,Normal
2218178707,2026-03-05,4,Normal
2218178707,2026-03-06,4,Normal
2218178707,2026-03-07,7,Normal
2218178707,2026-03-08,3,Normal
2218178707,2026-03-09,3,Normal
2218178707,2026-03-10,5,Normal
2218178707,2026-03-11,5,Normal
2218178707,2026-03-12,4,Normal
2218178707,2026-03-13,3,Normal
2218178707,2026-03-14,5,Normal
2218178707,2026-03-15,5,Normal
2218178707,2026-03-16,4,Normal
2218178707,2026-03-17,4,Normal
2218178707,2026-03-18,2,Normal
2218178707,2026-03-19,7,Normal
2218178707,2026-03-20,4,Normal
2218178707,2026-03-21,5,Normal
2218178707,2026-03-22,5,Normal
2212264158,2026-02-21,3,Normal
2212264158,2026-02-22,2,Normal
2212264158,2026-02-23,1,Normal
2212264158,2026-02-24,3,Normal
2212264158,2026-02-25,1,Normal
2212264158,2026-02-26,2,Normal
2212264158,2026-02-27,2,Normal
2212264158,2026-02-28,1,Normal
2212264158,2026-03-01,2,Normal
2212264158,2026-03-02,2,Normal
2212264158,2026-03-03,1,Normal
2212264158,2026-03-04,3,Normal
2212264158,2026-03-05,4,Normal
2212264158,2026-03-06,3,Normal
2212264158,2026-03-07,2,Normal
2212264158,2026-03-08,2,Normal
2212264158,2026-03-09,2,Normal
2212264158,2026-03-10,4,Normal
2212264158,2026-03-11,1,Normal
2212264158,2026-03-12,2,Normal
2212264158,2026-03-13,2,Normal
2212264158,2026-03-14,2,Normal
2212264158,2026-03-15,3,Normal
2212264158,2026-03-16,2,Normal
2212264158,2026-03-17,3,Normal
2212264158,2026-03-18,2,Normal
2212264158,2026-03-19,3,Normal
2212264158,2026-03-20,2,Normal
2212264158,2026-03-21,2,Normal
2212264158,2026-03-22,2,Normal
3130562819,2026-02-21,15,Normal
3130562819,2026-02-22,10,Normal
3130562819,2026-02-23,16,Normal
3130562819,2026-02-24,20,Normal
3130562819,2026-02-25,14,Normal
3130562819,2026-02-26,15,Normal
3130562819,2026-02-27,14,Normal
3130562819,2026-02-28,16,Normal
3130562819,2026-03-01,17,Normal
3130562819,2026-03-02,14,Normal
3130562819,2026-03-03,11,Normal
3130562819,2026-03-04,16,Normal
3130562819,2026-03-05,19,Normal
3130562819,2026-03-06,17,Normal
3130562819,2026-03-07,12,Normal
3130562819,2026-03-08,14,Normal
3130562819,2026-03-09,18,Normal
3130562819,2026-03-10,14,Normal
3130562819,2026-03-11,14,Normal
3130562819,2026-03-12,20,Normal
3130562819,2026-03-13,16,Normal
3130562819,2026-03-14,18,Normal
3130562819,2026-03-15,17,Normal
3130562819,2026-03-16,18,Normal
3130562819,2026-03-17,17,Normal
3130562819,2026-03-18,18,Normal
3130562819,2026-03-19,16,Normal
3130562819,2026-03-20,9,Normal
3130562819,2026-03-21,19,Normal
3130562819,2026-03-22,14,Normal
3169732274,2026-02-21,2,Normal
3169732274,2026-02-22,3,Normal
3169732274,2026-02-23,2,Normal
3169732274,2026-02-24,4,Normal
3169732274,2026-02-25,3,Normal
3169732274,2026-02-26,4,Normal
3169732274,2026-02-27,2,Normal
3169732274,2026-02-28,4,Normal
3169732274,2026-03-01,2,Normal
3169732274,2026-03-02,3,Normal
3169732274,2026-03-03,3,Normal
3169732274,2026-03-04,2,Normal
3169732274,2026-03-05,3,Normal
3169732274,2026-03-06,4,Normal
3169732274,2026-03-07,3,Normal
3169732274,2026-03-08,2,Normal
3169732274,2026-03-09,3,Normal
3169732274,2026-03-10,3,Normal
3169732274,2026-03-11,3,Normal
3169732274,2026-03-12,3,Normal
3169732274,2026-03-13,3,Normal
3169732274,2026-03-14,2,Normal
3169732274,2026-03-15,3,Normal
3169732274,2026-03-16,2,Normal
3169732274,2026-03-17,4,Normal
3169732274,2026-03-18,3,Normal
3169732274,2026-03-19,3,Normal
3169732274,2026-03-20,2,Normal
3169732274,2026-03-21,2,Normal
3169732274,2026-03-22,3,Normal
2244825901,2026-02-21,27,Normal
2244825901,2026-02-22,29,Normal
2244825901,2026-02-23,22,Normal
2244825901,2026-02-24,23,Normal
2244825901,2026-02-25,15,Normal
2244825901,2026-02-26,20,Normal
2244825901,2026-02-27,23,Normal
2244825901,2026-02-28,23,Normal
2244825901,2026-03-01,23,Normal
2244825901,2026-03-02,16,Normal
2244825901,2026-03-03,24,Normal
2244825901,2026-03-04,24,Normal
2244825901,2026-03-05,20,Normal
2244825901,2026-03-06,24,Normal
2244825901,2026-03-07,14,Normal
2244825901,2026-03-08,21,Normal
2244825901,2026-03-09,23,Normal
2244825901,2026-03-10,21,Normal
2244825901,2026-03-11,14,Normal
2244825901,2026-03-12,14,Normal
2244825901,2026-03-13,24,Normal
2244825901,2026-03-14,23,Normal
2244825901,2026-03-15,21,Normal
2244825901,2026-03-16,25,Normal
2244825901,2026-03-17,21,Normal
2244825901,2026-03-18,24,Normal
2244825901,2026-03-19,26,Normal
2244825901,2026-03-20,27,Normal
2244825901,2026-03-21,23,Normal
2244825901,2026-03-22,23,Normal
2212097793,2026-02-21,5,Normal
2212097793,2026-02-22,4,Normal
2212097793,2026-02-23,5,Normal
2212097793,2026-02-24,4,Normal
2212097793,2026-02-25,4,Normal
2212097793,2026-02-26,4,Normal
2212097793,2026-02-27,3,Normal
2212097793,2026-02-28,3,Normal
2212097793,2026-03-01,3,Normal
2212097793,2026-03-02,5,Normal
2212097793,2026-03-03,2,Normal
2212097793,2026-03-04,3,Normal
2212097793,2026-03-05,5,Normal
2212097793,2026-03-06,3,Normal
2212097793,2026-03-07,5,Normal
2212097793,2026-03-08,3,Normal
2212097793,2026-03-09,3,Normal
2212097793,2026-03-10,4,Normal
2212097793,2026-03-11,5,Normal
2212097793,2026-03-12,5,Normal
2212097793,2026-03-13,3,Normal
2212097793,2026-03-14,4,Normal
2212097793,2026-03-15,3,Normal
2212097793,2026-03-16,4,Normal
2212097793,2026-03-17,5,Normal
2212097793,2026-03-18,2,Normal
2212097793,2026-03-19,5,Normal
2212097793,2026-03-20,5,Normal
2212097793,2026-03-21,2,Normal
2212097793,2026-03-22,5,Normal
2212107783,2026-02-21,6,Normal
2212107783,2026-02-22,6,Normal
2212107783,2026-02-23,6,Normal
2212107783,2026-02-24,4,Normal
2212107783,2026-02-25,6,Normal
2212107783,2026-02-26,5,Normal
2212107783,2026-02-27,5,Normal
2212107783,2026-02-28,6,Normal
2212107783,2026-03-01,7,Normal
2212107783,2026-03-02,8,Normal
2212107783,2026-03-03,6,Normal
2212107783,2026-03-04,7,Normal
2212107783,2026-03-05,6,Normal
2212107783,2026-03-06,3,Normal
2212107783,2026-03-07,6,Normal
2212107783,2026-03-08,7,Normal
2212107783,2026-03-09,7,Normal
2212107783,2026-03-10,6,Normal
2212107783,2026-03-11,8,Normal
2212107783,2026-03-12,5,Normal
2212107783,2026-03-13,6,Normal
2212107783,2026-03-14,6,Normal
2212107783,2026-03-15,6,Normal
2212107783,2026-03-16,6,Normal
2212107783,2026-03-17,5,Normal
2212107783,2026-03-18,7,Normal
2212107783,2026-03-19,5,Normal
2212107783,2026-03-20,8,Normal
2212107783,2026-03-21,7,Normal
2212107783,2026-03-22,6,Normal
3196140412,2026-02-21,4,Normal
3196140412,2026-02-22,4,Normal
3196140412,2026-02-23,4,Normal
3196140412,2026-02-24,4,Normal
3196140412,2026-02-25,4,Normal
3196140412,2026-02-26,3,Normal
3196140412,2026-02-27,5,Normal
3196140412,2026-02-28,6,Normal
3196140412,2026-03-01,5,Normal
3196140412,2026-03-02,6,Normal
3196140412,2026-03-03,3,Normal
3196140412,2026-03-04,3,Normal
3196140412,2026-03-05,4,Normal
3196140412,2026-03-06,4,Normal
3196140412,2026-03-07,3,Normal
3196140412,2026-03-08,3,Normal
3196140412,2026-03-09,3,Normal
3196140412,2026-03-10,4,Normal
3196140412,2026-03-11,3,Normal
3196140412,2026-03-12,3,Normal
3196140412,2026-03-13,4,Normal
3196140412,2026-03-14,5,Normal
3196140412,2026-03-15,5,Normal
3196140412,2026-03-16,4,Normal
3196140412,2026-03-17,4,Normal
3196140412,2026-03-18,4,Normal
3196140412,2026-03-19,3,Normal
3196140412,2026-03-20,3,Normal
3196140412,2026-03-21,3,Normal
3196140412,2026-03-22,4,Normal
3191816303,2026-02-21,3,Normal
3191816303,2026-02-22,3,Normal
3191816303,2026-02-23,3,Normal
3191816303,2026-02-24,3,Normal
3191816303,2026-02-25,2,Normal
3191816303,2026-02-26,3,Normal
3191816303,2026-02-27,2,Normal
3191816303,2026-02-28,2,Normal
3191816303,2026-03-01,4,Normal
3191816303,2026-03-02,3,Normal
3191816303,2026-03-03,3,Normal
3191816303,2026-03-04,4,Normal
3191816303,2026-03-05,3,Normal
3191816303,2026-03-06,2,Normal
3191816303,2026-03-07,3,Normal
3191816303,2026-03-08,4,Normal
3191816303,2026-03-09,3,Normal
3191816303,2026-03-10,4,Normal
3191816303,2026-03-11,4,Normal
3191816303,2026-03-12,2,Normal
3191816303,2026-03-13,2,Normal
3191816303,2026-03-14,4,Normal
3191816303,2026-03-15,3,Normal
3191816303,2026-03-16,3,Normal
3191816303,2026-03-17,3,Normal
3191816303,2026-03-18,3,Normal
3191816303,2026-03-19,3,Normal
3191816303,2026-03-20,3,Normal
3191816303,2026-03-21,4,Normal
3191816303,2026-03-22,4,Normal
538080458,2026-02-21,19,Normal
538080458,2026-02-22,31,Normal
538080458,2026-02-23,18,Normal
538080458,2026-02-24,22,Normal
538080458,2026-02-25,28,Normal
538080458,2026-02-26,28,Normal
538080458,2026-02-27,18,Normal
538080458,2026-02-28,26,Normal
538080458,2026-03-01,23,Normal
538080458,2026-03-02,24,Normal
538080458,2026-03-03,16,Normal
538080458,2026-03-04,22,Normal
538080458,2026-03-05,20,Normal
538080458,2026-03-06,26,Normal
538080458,2026-03-07,28,Normal
538080458,2026-03-08,25,Normal
538080458,2026-03-09,25,Normal
538080458,2026-03-10,22,Normal
538080458,2026-03-11,23,Normal
538080458,2026-03-12,23,Normal
538080458,2026-03-13,29,Normal
538080458,2026-03-14,31,Normal
538080458,2026-03-15,27,Normal
538080458,2026-03-16,20,Normal
538080458,2026-03-17,27,Normal
538080458,2026-03-18,22,Normal
538080458,2026-03-19,30,Normal
538080458,2026-03-20,16,Normal
538080458,2026-03-21,31,Normal
538080458,2026-03-22,28,Normal
3133479106,2026-02-21,3,Normal
3133479106,2026-02-22,2,Normal
3133479106,2026-02-23,3,Normal
3133479106,2026-02-24,4,Normal
3133479106,2026-02-25,3,Normal
3133479106,2026-02-26,2,Normal
3133479106,2026-02-27,2,Normal
3133479106,2026-02-28,3,Normal
3133479106,2026-03-01,3,Normal
3133479106,2026-03-02,3,Normal
3133479106,2026-03-03,4,Normal
3133479106,2026-03-04,2,Normal
3133479106,2026-03-05,3,Normal
3133479106,2026-03-06,3,Normal
3133479106,2026-03-07,3,Normal
3133479106,2026-03-08,3,Normal
3133479106,2026-03-09,4,Normal
3133479106,2026-03-10,2,Normal
3133479106,2026-03-11,3,Normal
3133479106,2026-03-12,4,Normal
3133479106,2026-03-13,2,Normal
3133479106,2026-03-14,2,Normal
3133479106,2026-03-15,2,Normal
3133479106,2026-03-16,3,Normal
3133479106,2026-03-17,3,Normal
3133479106,2026-03-18,3,Normal
3133479106,2026-03-19,3,Normal
3133479106,2026-03-20,2,Normal
3133479106,2026-03-21,3,Normal
3133479106,2026-03-22,3,Normal
1894283150,2026-02-21,1,Trending
1894283150,2026-02-22,4,Trending
1894283150,2026-02-23,7,Trending
1894283150,2026-02-24,3,Trending
1894283150,2026-02-25,4,Trending
1894283150,2026-02-26,4,Trending
1894283150,2026-02-27,5,Trending
1894283150,2026-02-28,6,Trending
1894283150,2026-03-01,7,Trending
1894283150,2026-03-02,9,Trending
1894283150,2026-03-03,10,Trending
1894283150,2026-03-04,8,Trending
1894283150,2026-03-05,10,Trending
1894283150,2026-03-06,11,Trending
1894283150,2026-03-07,13,Trending
1894283150,2026-03-08,13,Trending
1894283150,2026-03-09,15,Trending
1894283150,2026-03-10,18,Trending
1894283150,2026-03-11,20,Trending
1894283150,2026-03-12,22,Trending
1894283150,2026-03-13,26,Trending
1894283150,2026-03-14,27,Trending
1894283150,2026-03-15,29,Trending
1894283150,2026-03-16,35,Trending
1894283150,2026-03-17,37,Trending
1894283150,2026-03-18,44,Trending
1894283150,2026-03-19,47,Trending
1894283150,2026-03-20,50,Trending
1894283150,2026-03-21,58,Trending
1894283150,2026-03-22,66,Trending
2181023455,2026-02-21,8,Normal
2181023455,2026-02-22,4,Normal
2181023455,2026-02-23,10,Normal
2181023455,2026-02-24,10,Normal
2181023455,2026-02-25,6,Normal
2181023455,2026-02-26,8,Normal
2181023455,2026-02-27,10,Normal
2181023455,2026-02-28,6,Normal
2181023455,2026-03-01,9,Normal
2181023455,2026-03-02,9,Normal
2181023455,2026-03-03,5,Normal
2181023455,2026-03-04,8,Normal
2181023455,2026-03-05,6,Normal
2181023455,2026-03-06,10,Normal
2181023455,2026-03-07,5,Normal
2181023455,2026-03-08,7,Normal
2181023455,2026-03-09,7,Normal
2181023455,2026-03-10,8,Normal
2181023455,2026-03-11,6,Normal
2181023455,2026-03-12,5,Normal
2181023455,2026-03-13,7,Normal
2181023455,2026-03-14,9,Normal
2181023455,2026-03-15,7,Normal
2181023455,2026-03-16,8,Normal
2181023455,2026-03-17,7,Normal
2181023455,2026-03-18,7,Normal
2181023455,2026-03-19,9,Normal
2181023455,2026-03-20,9,Normal
2181023455,2026-03-21,9,Normal
2181023455,2026-03-22,7,Normal
3196709456,2026-02-21,3,Normal
3196709456,2026-02-22,3,Normal
3196709456,2026-02-23,4,Normal
3196709456,2026-02-24,3,Normal
3196709456,2026-02-25,3,Normal
3196709456,2026-02-26,3,Normal
3196709456,2026-02-27,3,Normal
3196709456,2026-02-28,3,Normal
3196709456,2026-03-01,2,Normal
3196709456,2026-03-02,3,Normal
3196709456,2026-03-03,3,Normal
3196709456,2026-03-04,4,Normal
3196709456,2026-03-05,3,Normal
3196709456,2026-03-06,4,Normal
3196709456,2026-03-07,3,Normal
3196709456,2026-03-08,3,Normal
3196709456,2026-03-09,4,Normal
3196709456,2026-03-10,3,Normal
3196709456,2026-03-11,3,Normal
3196709456,2026-03-12,3,Normal
3196709456,2026-03-13,3,Normal
3196709456,2026-03-14,3,Normal
3196709456,2026-03-15,2,Normal
3196709456,2026-03-16,2,Normal
3196709456,2026-03-17,3,Normal
3196709456,2026-03-18,2,Normal
3196709456,2026-03-19,4,Normal
3196709456,2026-03-20,2,Normal
3196709456,2026-03-21,2,Normal
3196709456,2026-03-22,3,Normal
2952811943,2026-02-21,33,Normal
2952811943,2026-02-22,32,Normal
2952811943,2026-02-23,27,Normal
2952811943,2026-02-24,44,Normal
2952811943,2026-02-25,28,Normal
2952811943,2026-02-26,31,Normal
2952811943,2026-02-27,46,Normal
2952811943,2026-02-28,33,Normal
2952811943,2026-03-01,39,Normal
2952811943,2026-03-02,51,Normal
2952811943,2026-03-03,40,Normal
2952811943,2026-03-04,35,Normal
2952811943,2026-03-05,40,Normal
2952811943,2026-03-06,23,Normal
2952811943,2026-03-07,40,Normal
2952811943,2026-03-08,42,Normal
2952811943,2026-03-09,26,Normal
2952811943,2026-03-10,36,Normal
2952811943,2026-03-11,42,Normal
2952811943,2026-03-12,32,Normal
2952811943,2026-03-13,33,Normal
2952811943,2026-03-14,39,Normal
2952811943,2026-03-15,37,Normal
2952811943,2026-03-16,40,Normal
2952811943,2026-03-17,37,Normal
2952811943,2026-03-18,31,Normal
2952811943,2026-03-19,38,Normal
2952811943,2026-03-20,43,Normal
2952811943,2026-03-21,32,Normal
2952811943,2026-03-22,35,Normal
3288758301,2026-02-21,1,Normal
3288758301,2026-02-22,1,Normal
3288758301,2026-02-23,1,Normal
3288758301,2026-02-24,1,Normal
3288758301,2026-02-25,1,Normal
3288758301,2026-02-26,1,Normal
3288758301,2026-02-27,1,Normal
3288758301,2026-02-28,1,Normal
3288758301,2026-03-01,1,Normal
3288758301,2026-03-02,1,Normal
3288758301,2026-03-03,1,Normal
3288758301,2026-03-04,1,Normal
3288758301,2026-03-05,1,Normal
3288758301,2026-03-06,1,Normal
3288758301,2026-03-07,1,Normal
3288758301,2026-03-08,1,Normal
3288758301,2026-03-09,1,Normal
3288758301,2026-03-10,1,Normal
3288758301,2026-03-11,1,Normal
3288758301,2026-03-12,1,Normal
3288758301,2026-03-13,1,Normal
3288758301,2026-03-14,1,Normal
3288758301,2026-03-15,1,Normal
3288758301,2026-03-16,1,Normal
3288758301,2026-03-17,1,Normal
3288758301,2026-03-18,1,Normal
3288758301,2026-03-19,1,Normal
3288758301,2026-03-20,1,Normal
3288758301,2026-03-21,1,Normal
3288758301,2026-03-22,1,Normal
2368999481,2026-02-21,8,Normal
2368999481,2026-02-22,9,Normal
2368999481,2026-02-23,6,Normal
2368999481,2026-02-24,7,Normal
2368999481,2026-02-25,6,Normal
2368999481,2026-02-26,7,Normal
2368999481,2026-02-27,6,Normal
2368999481,2026-02-28,7,Normal
2368999481,2026-03-01,8,Normal
2368999481,2026-03-02,8,Normal
2368999481,2026-03-03,6,Normal
2368999481,2026-03-04,5,Normal
2368999481,2026-03-05,9,Normal
2368999481,2026-03-06,8,Normal
2368999481,2026-03-07,4,Normal
2368999481,2026-03-08,9,Normal
2368999481,2026-03-09,7,Normal
2368999481,2026-03-10,5,Normal
2368999481,2026-03-11,8,Normal
2368999481,2026-03-12,5,Normal
2368999481,2026-03-13,8,Normal
2368999481,2026-03-14,6,Normal
2368999481,2026-03-15,7,Normal
2368999481,2026-03-16,6,Normal
2368999481,2026-03-17,4,Normal
2368999481,2026-03-18,11,Normal
2368999481,2026-03-19,7,Normal
2368999481,2026-03-20,8,Normal
2368999481,2026-03-21,5,Normal
2368999481,2026-03-22,11,Normal
1895422149,2026-02-21,13,Normal
1895422149,2026-02-22,15,Normal
1895422149,2026-02-23,13,Normal
1895422149,2026-02-24,15,Normal
1895422149,2026-02-25,15,Normal
1895422149,2026-02-26,12,Normal
1895422149,2026-02-27,15,Normal
1895422149,2026-02-28,12,Normal
1895422149,2026-03-01,13,Normal
1895422149,2026-03-02,12,Normal
1895422149,2026-03-03,10,Normal
1895422149,2026-03-04,12,Normal
1895422149,2026-03-05,9,Normal
1895422149,2026-03-06,12,Normal
1895422149,2026-03-07,10,Normal
1895422149,2026-03-08,10,Normal
1895422149,2026-03-09,14,Normal
1895422149,2026-03-10,12,Normal
1895422149,2026-03-11,16,Normal
1895422149,2026-03-12,12,Normal
1895422149,2026-03-13,14,Normal
1895422149,2026-03-14,16,Normal
1895422149,2026-03-15,13,Normal
1895422149,2026-03-16,11,Normal
1895422149,2026-03-17,16,Normal
1895422149,2026-03-18,11,Normal
1895422149,2026-03-19,14,Normal
1895422149,2026-03-20,8,Normal
1895422149,2026-03-21,13,Normal
1895422149,2026-03-22,14,Normal
2023862391,2026-02-21,4,Trending
2023862391,2026-02-22,5,Trending
2023862391,2026-02-23,3,Trending
2023862391,2026-02-24,8,Trending
2023862391,2026-02-25,7,Trending
2023862391,2026-02-26,6,Trending
2023862391,2026-02-27,6,Trending
2023862391,2026-02-28,8,Trending
2023862391,2026-03-01,9,Trending
2023862391,2026-03-02,12,Trending
2023862391,2026-03-03,11,Trending
2023862391,2026-03-04,15,Trending
2023862391,2026-03-05,15,Trending
2023862391,2026-03-06,16,Trending
2023862391,2026-03-07,18,Trending
2023862391,2026-03-08,20,Trending
2023862391,2026-03-09,23,Trending
2023862391,2026-03-10,23,Trending
2023862391,2026-03-11,26,Trending
2023862391,2026-03-12,30,Trending
2023862391,2026-03-13,35,Trending
2023862391,2026-03-14,39,Trending
2023862391,2026-03-15,43,Trending
2023862391,2026-03-16,46,Trending
2023862391,2026-03-17,52,Trending
2023862391,2026-03-18,57,Trending
2023862391,2026-03-19,66,Trending
2023862391,2026-03-20,71,Trending
2023862391,2026-03-21,79,Trending
2023862391,2026-03-22,89,Trending
2326403172,2026-02-21,4,Normal
2326403172,2026-02-22,3,Normal
2326403172,2026-02-23,2,Normal
2326403172,2026-02-24,4,Normal
2326403172,2026-02-25,4,Normal
2326403172,2026-02-26,3,Normal
2326403172,2026-02-27,4,Normal
2326403172,2026-02-28,3,Normal
2326403172,2026-03-01,3,Normal
2326403172,2026-03-02,4,Normal
2326403172,2026-03-03,4,Normal
2326403172,2026-03-04,3,Normal
2326403172,2026-03-05,3,Normal
2326403172,2026-03-06,3,Normal
2326403172,2026-03-07,4,Normal
2326403172,2026-03-08,3,Normal
2326403172,2026-03-09,2,Normal
2326403172,2026-03-10,3,Normal
2326403172,2026-03-11,3,Normal
2326403172,2026-03-12,3,Normal
2326403172,2026-03-13,3,Normal
2326403172,2026-03-14,3,Normal
2326403172,2026-03-15,5,Normal
2326403172,2026-03-16,3,Normal
2326403172,2026-03-17,4,Normal
2326403172,2026-03-18,4,Normal
2326403172,2026-03-19,2,Normal
2326403172,2026-03-20,3,Normal
2326403172,2026-03-21,4,Normal
2326403172,2026-03-22,3,Normal
2212024770,2026-02-21,2,Normal
2212024770,2026-02-22,2,Normal
2212024770,2026-02-23,2,Normal
2212024770,2026-02-24,3,Normal
2212024770,2026-02-25,3,Normal
2212024770,2026-02-26,3,Normal
2212024770,2026-02-27,2,Normal
2212024770,2026-02-28,3,Normal
2212024770,2026-03-01,2,Normal
2212024770,2026-03-02,3,Normal
2212024770,2026-03-03,2,Normal
2212024770,2026-03-04,2,Normal
2212024770,2026-03-05,2,Normal
2212024770,2026-03-06,3,Normal
2212024770,2026-03-07,2,Normal
2212024770,2026-03-08,2,Normal
2212024770,2026-03-09,3,Normal
2212024770,2026-03-10,3,Normal
2212024770,2026-03-11,2,Normal
2212024770,2026-03-12,2,Normal
2212024770,2026-03-13,2,Normal
2212024770,2026-03-14,2,Normal
2212024770,2026-03-15,3,Normal
2212024770,2026-03-16,2,Normal
2212024770,2026-03-17,3,Normal
2212024770,2026-03-18,3,Normal
2212024770,2026-03-19,2,Normal
2212024770,2026-03-20,2,Normal
2212024770,2026-03-21,1,Normal
2212024770,2026-03-22,2,Normal
1107310209,2026-02-21,10,Normal
1107310209,2026-02-22,13,Normal
1107310209,2026-02-23,10,Normal
1107310209,2026-02-24,9,Normal
1107310209,2026-02-25,8,Normal
1107310209,2026-02-26,10,Normal
1107310209,2026-02-27,10,Normal
1107310209,2026-02-28,9,Normal
1107310209,2026-03-01,11,Normal
1107310209,2026-03-02,13,Normal
1107310209,2026-03-03,9,Normal
1107310209,2026-03-04,8,Normal
1107310209,2026-03-05,8,Normal
1107310209,2026-03-06,11,Normal
1107310209,2026-03-07,9,Normal
1107310209,2026-03-08,10,Normal
1107310209,2026-03-09,10,Normal
1107310209,2026-03-10,10,Normal
1107310209,2026-03-11,10,Normal
1107310209,2026-03-12,10,Normal
1107310209,2026-03-13,13,Normal
1107310209,2026-03-14,11,Normal
1107310209,2026-03-15,10,Normal
1107310209,2026-03-16,8,Normal
1107310209,2026-03-17,8,Normal
1107310209,2026-03-18,9,Normal
1107310209,2026-03-19,13,Normal
1107310209,2026-03-20,9,Normal
1107310209,2026-03-21,10,Normal
1107310209,2026-03-22,10,Normal
2212291342,2026-02-21,1,Normal
2212291342,2026-02-22,1,Normal
2212291342,2026-02-23,1,Normal
2212291342,2026-02-24,1,Normal
2212291342,2026-02-25,1,Normal
2212291342,2026-02-26,1,Normal
2212291342,2026-02-27,1,Normal
2212291342,2026-02-28,1,Normal
2212291342,2026-03-01,1,Normal
2212291342,2026-03-02,1,Normal
2212291342,2026-03-03,1,Normal
2212291342,2026-03-04,1,Normal
2212291342,2026-03-05,1,Normal
2212291342,2026-03-06,1,Normal
2212291342,2026-03-07,1,Normal
2212291342,2026-03-08,1,Normal
2212291342,2026-03-09,1,Normal
2212291342,2026-03-10,1,Normal
2212291342,2026-03-11,1,Normal
2212291342,2026-03-12,1,Normal
2212291342,2026-03-13,1,Normal
2212291342,2026-03-14,1,Normal
2212291342,2026-03-15,1,Normal
2212291342,2026-03-16,1,Normal
2212291342,2026-03-17,1,Normal
2212291342,2026-03-18,1,Normal
2212291342,2026-03-19,1,Normal
2212291342,2026-03-20,1,Normal
2212291342,2026-03-21,1,Normal
2212291342,2026-03-22,1,Normal
2041372505,2026-02-21,57,Normal
2041372505,2026-02-22,52,Normal
2041372505,2026-02-23,34,Normal
2041372505,2026-02-24,72,Normal
2041372505,2026-02-25,65,Normal
2041372505,2026-02-26,54,Normal
2041372505,2026-02-27,64,Normal
2041372505,2026-02-28,61,Normal
2041372505,2026-03-01,60,Normal
2041372505,2026-03-02,46,Normal
2041372505,2026-03-03,67,Normal
2041372505,2026-03-04,25,Normal
2041372505,2026-03-05,65,Normal
2041372505,2026-03-06,60,Normal
2041372505,2026-03-07,47,Normal
2041372505,2026-03-08,49,Normal
2041372505,2026-03-09,58,Normal
2041372505,2026-03-10,50,Normal
2041372505,2026-03-11,55,Normal
2041372505,2026-03-12,59,Normal
2041372505,2026-03-13,47,Normal
2041372505,2026-03-14,53,Normal
2041372505,2026-03-15,51,Normal
2041372505,2026-03-16,54,Normal
2041372505,2026-03-17,39,Normal
2041372505,2026-03-18,50,Normal
2041372505,2026-03-19,58,Normal
2041372505,2026-03-20,47,Normal
2041372505,2026-03-21,63,Normal
2041372505,2026-03-22,64,Normal
2242302041,2026-02-21,42,Normal
2242302041,2026-02-22,60,Normal
2242302041,2026-02-23,75,Normal
2242302041,2026-02-24,43,Normal
2242302041,2026-02-25,57,Normal
2242302041,2026-02-26,63,Normal
2242302041,2026-02-27,94,Normal
2242302041,2026-02-28,63,Normal
2242302041,2026-03-01,99,Normal
2242302041,2026-03-02,61,Normal
2242302041,2026-03-03,75,Normal
2242302041,2026-03-04,60,Normal
2242302041,2026-03-05,76,Normal
2242302041,2026-03-06,66,Normal
2242302041,2026-03-07,79,Normal
2242302041,2026-03-08,62,Normal
2242302041,2026-03-09,44,Normal
2242302041,2026-03-10,70,Normal
2242302041,2026-03-11,67,Normal
2242302041,2026-03-12,78,Normal
2242302041,2026-03-13,66,Normal
2242302041,2026-03-14,72,Normal
2242302041,2026-03-15,65,Normal
2242302041,2026-03-16,65,Normal
2242302041,2026-03-17,95,Normal
2242302041,2026-03-18,86,Normal
2242302041,2026-03-19,70,Normal
2242302041,2026-03-20,88,Normal
2242302041,2026-03-21,66,Normal
2242302041,2026-03-22,71,Normal
3235961268,2026-02-21,8,Normal
3235961268,2026-02-22,5,Normal
3235961268,2026-02-23,3,Normal
3235961268,2026-02-24,4,Normal
3235961268,2026-02-25,6,Normal
3235961268,2026-02-26,7,Normal
3235961268,2026-02-27,6,Normal
3235961268,2026-02-28,9,Normal
3235961268,2026-03-01,6,Normal
3235961268,2026-03-02,3,Normal
3235961268,2026-03-03,5,Normal
3235961268,2026-03-04,5,Normal
3235961268,2026-03-05,5,Normal
3235961268,2026-03-06,6,Normal
3235961268,2026-03-07,7,Normal
3235961268,2026-03-08,6,Normal
3235961268,2026-03-09,5,Normal
3235961268,2026-03-10,6,Normal
3235961268,2026-03-11,5,Normal
3235961268,2026-03-12,6,Normal
3235961268,2026-03-13,8,Normal
3235961268,2026-03-14,3,Normal
3235961268,2026-03-15,6,Normal
3235961268,2026-03-16,5,Normal
3235961268,2026-03-17,7,Normal
3235961268,2026-03-18,5,Normal
3235961268,2026-03-19,5,Normal
3235961268,2026-03-20,3,Normal
3235961268,2026-03-21,8,Normal
3235961268,2026-03-22,8,Normal
3169696608,2026-02-21,1,Normal
3169696608,2026-02-22,1,Normal
3169696608,2026-02-23,1,Normal
3169696608,2026-02-24,1,Normal
3169696608,2026-02-25,1,Normal
3169696608,2026-02-26,1,Normal
3169696608,2026-02-27,1,Normal
3169696608,2026-02-28,1,Normal
3169696608,2026-03-01,1,Normal
3169696608,2026-03-02,1,Normal
3169696608,2026-03-03,1,Normal
3169696608,2026-03-04,1,Normal
3169696608,2026-03-05,1,Normal
3169696608,2026-03-06,1,Normal
3169696608,2026-03-07,1,Normal
3169696608,2026-03-08,1,Normal
3169696608,2026-03-09,1,Normal
3169696608,2026-03-10,1,Normal
3169696608,2026-03-11,1,Normal
3169696608,2026-03-12,1,Normal
3169696608,2026-03-13,1,Normal
3169696608,2026-03-14,1,Normal
3169696608,2026-03-15,1,Normal
3169696608,2026-03-16,1,Normal
3169696608,2026-03-17,1,Normal
3169696608,2026-03-18,1,Normal
3169696608,2026-03-19,1,Normal
3169696608,2026-03-20,1,Normal
3169696608,2026-03-21,1,Normal
3169696608,2026-03-22,1,Normal
811444942,2026-02-21,11,Normal
811444942,2026-02-22,15,Normal
811444942,2026-02-23,14,Normal
811444942,2026-02-24,11,Normal
811444942,2026-02-25,11,Normal
811444942,2026-02-26,12,Normal
811444942,2026-02-27,12,Normal
811444942,2026-02-28,15,Normal
811444942,2026-03-01,13,Normal
811444942,2026-03-02,12,Normal
811444942,2026-03-03,15,Normal
811444942,2026-03-04,10,Normal
811444942,2026-03-05,16,Normal
811444942,2026-03-06,11,Normal
811444942,2026-03-07,13,Normal
811444942,2026-03-08,15,Normal
811444942,2026-03-09,15,Normal
811444942,2026-03-10,14,Normal
811444942,2026-03-11,9,Normal
811444942,2026-03-12,12,Normal
811444942,2026-03-13,14,Normal
811444942,2026-03-14,16,Normal
811444942,2026-03-15,12,Normal
811444942,2026-03-16,14,Normal
811444942,2026-03-17,14,Normal
811444942,2026-03-18,17,Normal
811444942,2026-03-19,16,Normal
811444942,2026-03-20,13,Normal
811444942,2026-03-21,17,Normal
811444942,2026-03-22,11,Normal
2294846254,2026-02-21,4,Normal
2294846254,2026-02-22,4,Normal
2294846254,2026-02-23,5,Normal
2294846254,2026-02-24,3,Normal
2294846254,2026-02-25,3,Normal
2294846254,2026-02-26,4,Normal
2294846254,2026-02-27,4,Normal
2294846254,2026-02-28,3,Normal
2294846254,2026-03-01,3,Normal
2294846254,2026-03-02,3,Normal
2294846254,2026-03-03,4,Normal
2294846254,2026-03-04,3,Normal
2294846254,2026-03-05,4,Normal
2294846254,2026-03-06,3,Normal
2294846254,2026-03-07,5,Normal
2294846254,2026-03-08,4,Normal
2294846254,2026-03-09,3,Normal
2294846254,2026-03-10,3,Normal
2294846254,2026-03-11,4,Normal
2294846254,2026-03-12,4,Normal
2294846254,2026-03-13,2,Normal
2294846254,2026-03-14,4,Normal
2294846254,2026-03-15,3,Normal
2294846254,2026-03-16,3,Normal
2294846254,2026-03-17,4,Normal
2294846254,2026-03-18,3,Normal
2294846254,2026-03-19,3,Normal
2294846254,2026-03-20,3,Normal
2294846254,2026-03-21,4,Normal
2294846254,2026-03-22,4,Normal
2334951924,2026-02-21,78,Normal
2334951924,2026-02-22,83,Normal
2334951924,2026-02-23,63,Normal
2334951924,2026-02-24,86,Normal
2334951924,2026-02-25,60,Normal
2334951924,2026-02-26,65,Normal
2334951924,2026-02-27,107,Normal
2334951924,2026-02-28,30,Normal
2334951924,2026-03-01,59,Normal
2334951924,2026-03-02,84,Normal
2334951924,2026-03-03,78,Normal
2334951924,2026-03-04,76,Normal
2334951924,2026-03-05,69,Normal
2334951924,2026-03-06,58,Normal
2334951924,2026-03-07,81,Normal
2334951924,2026-03-08,84,Normal
2334951924,2026-03-09,71,Normal
2334951924,2026-03-10,68,Normal
2334951924,2026-03-11,110,Normal
2334951924,2026-03-12,73,Normal
2334951924,2026-03-13,41,Normal
2334951924,2026-03-14,74,Normal
2334951924,2026-03-15,60,Normal
2334951924,2026-03-16,82,Normal
2334951924,2026-03-17,78,Normal
2334951924,2026-03-18,110,Normal
2334951924,2026-03-19,65,Normal
2334951924,2026-03-20,61,Normal
2334951924,2026-03-21,67,Normal
2334951924,2026-03-22,79,Normal
2212019785,2026-02-21,3,Normal
2212019785,2026-02-22,3,Normal
2212019785,2026-02-23,3,Normal
2212019785,2026-02-24,3,Normal
2212019785,2026-02-25,4,Normal
2212019785,2026-02-26,3,Normal
2212019785,2026-02-27,2,Normal
2212019785,2026-02-28,2,Normal
2212019785,2026-03-01,3,Normal
2212019785,2026-03-02,3,Normal
2212019785,2026-03-03,3,Normal
2212019785,2026-03-04,2,Normal
2212019785,2026-03-05,2,Normal
2212019785,2026-03-06,2,Normal
2212019785,2026-03-07,2,Normal
2212019785,2026-03-08,3,Normal
2212019785,2026-03-09,3,Normal
2212019785,2026-03-10,3,Normal
2212019785,2026-03-11,3,Normal
2212019785,2026-03-12,2,Normal
2212019785,2026-03-13,1,Normal
2212019785,2026-03-14,3,Normal
2212019785,2026-03-15,3,Normal
2212019785,2026-03-16,3,Normal
2212019785,2026-03-17,3,Normal
2212019785,2026-03-18,3,Normal
2212019785,2026-03-19,2,Normal
2212019785,2026-03-20,2,Normal
2212019785,2026-03-21,3,Normal
2212019785,2026-03-22,2,Normal
2493162755,2026-02-21,7,Normal
2493162755,2026-02-22,13,Normal
2493162755,2026-02-23,10,Normal
2493162755,2026-02-24,7,Normal
2493162755,2026-02-25,7,Normal
2493162755,2026-02-26,10,Normal
2493162755,2026-02-27,10,Normal
2493162755,2026-02-28,9,Normal
2493162755,2026-03-01,9,Normal
2493162755,2026-03-02,10,Normal
2493162755,2026-03-03,14,Normal
2493162755,2026-03-04,10,Normal
2493162755,2026-03-05,14,Normal
2493162755,2026-03-06,10,Normal
2493162755,2026-03-07,11,Normal
2493162755,2026-03-08,11,Normal
2493162755,2026-03-09,10,Normal
2493162755,2026-03-10,11,Normal
2493162755,2026-03-11,8,Normal
2493162755,2026-03-12,9,Normal
2493162755,2026-03-13,11,Normal
2493162755,2026-03-14,11,Normal
2493162755,2026-03-15,13,Normal
2493162755,2026-03-16,8,Normal
2493162755,2026-03-17,14,Normal
2493162755,2026-03-18,10,Normal
2493162755,2026-03-19,9,Normal
2493162755,2026-03-20,11,Normal
2493162755,2026-03-21,11,Normal
2493162755,2026-03-22,8,Normal
2823588020,2026-02-21,5,Normal
2823588020,2026-02-22,6,Normal
2823588020,2026-02-23,11,Normal
2823588020,2026-02-24,6,Normal
2823588020,2026-02-25,6,Normal
2823588020,2026-02-26,7,Normal
2823588020,2026-02-27,7,Normal
2823588020,2026-02-28,6,Normal
2823588020,2026-03-01,6,Normal
2823588020,2026-03-02,4,Normal
2823588020,2026-03-03,9,Normal
2823588020,2026-03-04,10,Normal
2823588020,2026-03-05,8,Normal
2823588020,2026-03-06,9,Normal
2823588020,2026-03-07,6,Normal
2823588020,2026-03-08,10,Normal
2823588020,2026-03-09,7,Normal
2823588020,2026-03-10,7,Normal
2823588020,2026-03-11,5,Normal
2823588020,2026-03-12,7,Normal
2823588020,2026-03-13,7,Normal
2823588020,2026-03-14,7,Normal
2823588020,2026-03-15,7,Normal
2823588020,2026-03-16,9,Normal
2823588020,2026-03-17,8,Normal
2823588020,2026-03-18,9,Normal
2823588020,2026-03-19,10,Normal
2823588020,2026-03-20,5,Normal
2823588020,2026-03-21,7,Normal
2823588020,2026-03-22,10,Normal
2799616706,2026-02-21,30,Normal
2799616706,2026-02-22,23,Normal
2799616706,2026-02-23,34,Normal
2799616706,2026-02-24,29,Normal
2799616706,2026-02-25,30,Normal
2799616706,2026-02-26,24,Normal
2799616706,2026-02-27,23,Normal
2799616706,2026-02-28,30,Normal
2799616706,2026-03-01,22,Normal
2799616706,2026-03-02,20,Normal
2799616706,2026-03-03,34,Normal
2799616706,2026-03-04,24,Normal
2799616706,2026-03-05,20,Normal
2799616706,2026-03-06,16,Normal
2799616706,2026-03-07,23,Normal
2799616706,2026-03-08,21,Normal
2799616706,2026-03-09,35,Normal
2799616706,2026-03-10,31,Normal
2799616706,2026-03-11,23,Normal
2799616706,2026-03-12,18,Normal
2799616706,2026-03-13,26,Normal
2799616706,2026-03-14,29,Normal
2799616706,2026-03-15,33,Normal
2799616706,2026-03-16,21,Normal
2799616706,2026-03-17,28,Normal
2799616706,2026-03-18,27,Normal
2799616706,2026-03-19,19,Normal
2799616706,2026-03-20,39,Normal
2799616706,2026-03-21,29,Normal
2799616706,2026-03-22,33,Normal
2219547877,2026-02-21,2,Normal
2219547877,2026-02-22,2,Normal
2219547877,2026-02-23,2,Normal
2219547877,2026-02-24,2,Normal
2219547877,2026-02-25,1,Normal
2219547877,2026-02-26,2,Normal
2219547877,2026-02-27,2,Normal
2219547877,2026-02-28,1,Normal
2219547877,2026-03-01,1,Normal
2219547877,2026-03-02,2,Normal
2219547877,2026-03-03,2,Normal
2219547877,2026-03-04,2,Normal
2219547877,2026-03-05,2,Normal
2219547877,2026-03-06,1,Normal
2219547877,2026-03-07,2,Normal
2219547877,2026-03-08,2,Normal
2219547877,2026-03-09,1,Normal
2219547877,2026-03-10,2,Normal
2219547877,2026-03-11,3,Normal
2219547877,2026-03-12,1,Normal
2219547877,2026-03-13,2,Normal
2219547877,2026-03-14,2,Normal
2219547877,2026-03-15,2,Normal
2219547877,2026-03-16,2,Normal
2219547877,2026-03-17,1,Normal
2219547877,2026-03-18,2,Normal
2219547877,2026-03-19,1,Normal
2219547877,2026-03-20,1,Normal
2219547877,2026-03-21,1,Normal
2219547877,2026-03-22,1,Normal
2660523326,2026-02-21,23,Normal
2660523326,2026-02-22,17,Normal
2660523326,2026-02-23,21,Normal
2660523326,2026-02-24,20,Normal
2660523326,2026-02-25,18,Normal
2660523326,2026-02-26,15,Normal
2660523326,2026-02-27,22,Normal
2660523326,2026-02-28,20,Normal
2660523326,2026-03-01,18,Normal
2660523326,2026-03-02,23,Normal
2660523326,2026-03-03,23,Normal
2660523326,2026-03-04,21,Normal
2660523326,2026-03-05,17,Normal
2660523326,2026-03-06,13,Normal
2660523326,2026-03-07,17,Normal
2660523326,2026-03-08,20,Normal
2660523326,2026-03-09,17,Normal
2660523326,2026-03-10,22,Normal
2660523326,2026-03-11,17,Normal
2660523326,2026-03-12,18,Normal
2660523326,2026-03-13,16,Normal
2660523326,2026-03-14,12,Normal
2660523326,2026-03-15,18,Normal
2660523326,2026-03-16,22,Normal
2660523326,2026-03-17,22,Normal
2660523326,2026-03-18,20,Normal
2660523326,2026-03-19,24,Normal
2660523326,2026-03-20,18,Normal
2660523326,2026-03-21,17,Normal
2660523326,2026-03-22,14,Normal
3064377757,2026-02-21,1,Normal
3064377757,2026-02-22,1,Normal
3064377757,2026-02-23,1,Normal
3064377757,2026-02-24,1,Normal
3064377757,2026-02-25,1,Normal
3064377757,2026-02-26,1,Normal
3064377757,2026-02-27,1,Normal
3064377757,2026-02-28,1,Normal
3064377757,2026-03-01,1,Normal
3064377757,2026-03-02,1,Normal
3064377757,2026-03-03,1,Normal
3064377757,2026-03-04,1,Normal
3064377757,2026-03-05,1,Normal
3064377757,2026-03-06,1,Normal
3064377757,2026-03-07,1,Normal
3064377757,2026-03-08,1,Normal
3064377757,2026-03-09,1,Normal
3064377757,2026-03-10,1,Normal
3064377757,2026-03-11,1,Normal
3064377757,2026-03-12,1,Normal
3064377757,2026-03-13,1,Normal
3064377757,2026-03-14,1,Normal
3064377757,2026-03-15,1,Normal
3064377757,2026-03-16,1,Normal
3064377757,2026-03-17,1,Normal
3064377757,2026-03-18,1,Normal
3064377757,2026-03-19,1,Normal
3064377757,2026-03-20,1,Normal
3064377757,2026-03-21,1,Normal
3064377757,2026-03-22,1,Normal
2859656515,2026-02-21,7,Normal
2859656515,2026-02-22,5,Normal
2859656515,2026-02-23,6,Normal
2859656515,2026-02-24,4,Normal
2859656515,2026-02-25,8,Normal
2859656515,2026-02-26,5,Normal
2859656515,2026-02-27,6,Normal
2859656515,2026-02-28,7,Normal
2859656515,2026-03-01,7,Normal
2859656515,2026-03-02,4,Normal
2859656515,2026-03-03,4,Normal
2859656515,2026-03-04,5,Normal
2859656515,2026-03-05,4,Normal
2859656515,2026-03-06,4,Normal
2859656515,2026-03-07,7,Normal
2859656515,2026-03-08,5,Normal
2859656515,2026-03-09,5,Normal
2859656515,2026-03-10,5,Normal
2859656515,2026-03-11,5,Normal
2859656515,2026-03-12,7,Normal
2859656515,2026-03-13,6,Normal
2859656515,2026-03-14,5,Normal
2859656515,2026-03-15,3,Normal
2859656515,2026-03-16,3,Normal
2859656515,2026-03-17,5,Normal
2859656515,2026-03-18,5,Normal
2859656515,2026-03-19,7,Normal
2859656515,2026-03-20,6,Normal
2859656515,2026-03-21,5,Normal
2859656515,2026-03-22,6,Normal
3238117525,2026-02-21,3,Normal
3238117525,2026-02-22,3,Normal
3238117525,2026-02-23,1,Normal
3238117525,2026-02-24,2,Normal
3238117525,2026-02-25,2,Normal
3238117525,2026-02-26,1,Normal
3238117525,2026-02-27,1,Normal
3238117525,2026-02-28,2,Normal
3238117525,2026-03-01,2,Normal
3238117525,2026-03-02,1,Normal
3238117525,2026-03-03,1,Normal
3238117525,2026-03-04,2,Normal
3238117525,2026-03-05,2,Normal
3238117525,2026-03-06,2,Normal
3238117525,2026-03-07,2,Normal
3238117525,2026-03-08,1,Normal
3238117525,2026-03-09,1,Normal
3238117525,2026-03-10,2,Normal
3238117525,2026-03-11,2,Normal
3238117525,2026-03-12,2,Normal
3238117525,2026-03-13,1,Normal
3238117525,2026-03-14,2,Normal
3238117525,2026-03-15,3,Normal
3238117525,2026-03-16,1,Normal
3238117525,2026-03-17,1,Normal
3238117525,2026-03-18,1,Normal
3238117525,2026-03-19,2,Normal
3238117525,2026-03-20,2,Normal
3238117525,2026-03-21,2,Normal
3238117525,2026-03-22,1,Normal
2452464440,2026-02-21,10,Normal
2452464440,2026-02-22,10,Normal
2452464440,2026-02-23,8,Normal
2452464440,2026-02-24,5,Normal
2452464440,2026-02-25,9,Normal
2452464440,2026-02-26,13,Normal
2452464440,2026-02-27,8,Normal
2452464440,2026-02-28,6,Normal
2452464440,2026-03-01,11,Normal
2452464440,2026-03-02,12,Normal
2452464440,2026-03-03,13,Normal
2452464440,2026-03-04,10,Normal
2452464440,2026-03-05,11,Normal
2452464440,2026-03-06,11,Normal
2452464440,2026-03-07,12,Normal
2452464440,2026-03-08,9,Normal
2452464440,2026-03-09,9,Normal
2452464440,2026-03-10,12,Normal
2452464440,2026-03-11,9,Normal
2452464440,2026-03-12,11,Normal
2452464440,2026-03-13,11,Normal
2452464440,2026-03-14,5,Normal
2452464440,2026-03-15,14,Normal
2452464440,2026-03-16,12,Normal
2452464440,2026-03-17,13,Normal
2452464440,2026-03-18,11,Normal
2452464440,2026-03-19,13,Normal
2452464440,2026-03-20,9,Normal
2452464440,2026-03-21,12,Normal
2452464440,2026-03-22,12,Normal
2234354786,2026-02-21,28,Normal
2234354786,2026-02-22,34,Normal
2234354786,2026-02-23,33,Normal
2234354786,2026-02-24,35,Normal
2234354786,2026-02-25,33,Normal
2234354786,2026-02-26,45,Normal
2234354786,2026-02-27,46,Normal
2234354786,2026-02-28,33,Normal
2234354786,2026-03-01,46,Normal
2234354786,2026-03-02,38,Normal
2234354786,2026-03-03,30,Normal
2234354786,2026-03-04,29,Normal
2234354786,2026-03-05,28,Normal
2234354786,2026-03-06,48,Normal
2234354786,2026-03-07,34,Normal
2234354786,2026-03-08,36,Normal
2234354786,2026-03-09,48,Normal
2234354786,2026-03-10,39,Normal
2234354786,2026-03-11,28,Normal
2234354786,2026-03-12,38,Normal
2234354786,2026-03-13,35,Normal
2234354786,2026-03-14,51,Normal
2234354786,2026-03-15,38,Normal
2234354786,2026-03-16,32,Normal
2234354786,2026-03-17,35,Normal
2234354786,2026-03-18,42,Normal
2234354786,2026-03-19,33,Normal
2234354786,2026-03-20,34,Normal
2234354786,2026-03-21,42,Normal
2234354786,2026-03-22,51,Normal
2679443242,2026-02-21,5,Normal
2679443242,2026-02-22,3,Normal
2679443242,2026-02-23,3,Normal
2679443242,2026-02-24,3,Normal
2679443242,2026-02-25,4,Normal
2679443242,2026-02-26,3,Normal
2679443242,2026-02-27,4,Normal
2679443242,2026-02-28,3,Normal
2679443242,2026-03-01,6,Normal
2679443242,2026-03-02,6,Normal
2679443242,2026-03-03,3,Normal
2679443242,2026-03-04,3,Normal
2679443242,2026-03-05,4,Normal
2679443242,2026-03-06,4,Normal
2679443242,2026-03-07,3,Normal
2679443242,2026-03-08,4,Normal
2679443242,2026-03-09,6,Normal
2679443242,2026-03-10,3,Normal
2679443242,2026-03-11,4,Normal
2679443242,2026-03-12,5,Normal
2679443242,2026-03-13,2,Normal
2679443242,2026-03-14,3,Normal
2679443242,2026-03-15,4,Normal
2679443242,2026-03-16,5,Normal
2679443242,2026-03-17,5,Normal
2679443242,2026-03-18,3,Normal
2679443242,2026-03-19,4,Normal
2679443242,2026-03-20,4,Normal
2679443242,2026-03-21,3,Normal
2679443242,2026-03-22,5,Normal
274164263,2026-02-21,227,Normal
274164263,2026-02-22,224,Normal
274164263,2026-02-23,292,Normal
274164263,2026-02-24,225,Normal
274164263,2026-02-25,239,Normal
274164263,2026-02-26,241,Normal
274164263,2026-02-27,307,Normal
274164263,2026-02-28,228,Normal
274164263,2026-03-01,175,Normal
274164263,2026-03-02,170,Normal
274164263,2026-03-03,118,Normal
274164263,2026-03-04,214,Normal
274164263,2026-03-05,209,Normal
274164263,2026-03-06,236,Normal
274164263,2026-03-07,324,Normal
274164263,2026-03-08,233,Normal
274164263,2026-03-09,269,Normal
274164263,2026-03-10,235,Normal
274164263,2026-03-11,260,Normal
274164263,2026-03-12,362,Normal
274164263,2026-03-13,230,Normal
274164263,2026-03-14,295,Normal
274164263,2026-03-15,334,Normal
274164263,2026-03-16,234,Normal
274164263,2026-03-17,234,Normal
274164263,2026-03-18,253,Normal
274164263,2026-03-19,222,Normal
274164263,2026-03-20,229,Normal
274164263,2026-03-21,249,Normal
274164263,2026-03-22,337,Normal
3237877716,2026-02-21,3,Normal
3237877716,2026-02-22,1,Normal
3237877716,2026-02-23,1,Normal
3237877716,2026-02-24,2,Normal
3237877716,2026-02-25,2,Normal
3237877716,2026-02-26,3,Normal
3237877716,2026-02-27,2,Normal
3237877716,2026-02-28,1,Normal
3237877716,2026-03-01,2,Normal
3237877716,2026-03-02,2,Normal
3237877716,2026-03-03,2,Normal
3237877716,2026-03-04,1,Normal
3237877716,2026-03-05,1,Normal
3237877716,2026-03-06,2,Normal
3237877716,2026-03-07,1,Normal
3237877716,2026-03-08,2,Normal
3237877716,2026-03-09,2,Normal
3237877716,2026-03-10,1,Normal
3237877716,2026-03-11,2,Normal
3237877716,2026-03-12,2,Normal
3237877716,2026-03-13,2,Normal
3237877716,2026-03-14,2,Normal
3237877716,2026-03-15,1,Normal
3237877716,2026-03-16,1,Normal
3237877716,2026-03-17,2,Normal
3237877716,2026-03-18,2,Normal
3237877716,2026-03-19,2,Normal
3237877716,2026-03-20,2,Normal
3237877716,2026-03-21,1,Normal
3237877716,2026-03-22,2,Normal
2329269126,2026-02-21,8,Normal
2329269126,2026-02-22,7,Normal
2329269126,2026-02-23,7,Normal
2329269126,2026-02-24,5,Normal
2329269126,2026-02-25,8,Normal
2329269126,2026-02-26,8,Normal
2329269126,2026-02-27,6,Normal
2329269126,2026-02-28,7,Normal
2329269126,2026-03-01,6,Normal
2329269126,2026-03-02,4,Normal
2329269126,2026-03-03,4,Normal
2329269126,2026-03-04,8,Normal
2329269126,2026-03-05,4,Normal
2329269126,2026-03-06,5,Normal
2329269126,2026-03-07,5,Normal
2329269126,2026-03-08,9,Normal
2329269126,2026-03-09,5,Normal
2329269126,2026-03-10,7,Normal
2329269126,2026-03-11,6,Normal
2329269126,2026-03-12,7,Normal
2329269126,2026-03-13,7,Normal
2329269126,2026-03-14,6,Normal
2329269126,2026-03-15,6,Normal
2329269126,2026-03-16,6,Normal
2329269126,2026-03-17,7,Normal
2329269126,2026-03-18,6,Normal
2329269126,2026-03-19,5,Normal
2329269126,2026-03-20,6,Normal
2329269126,2026-03-21,7,Normal
2329269126,2026-03-22,6,Normal
2425272007,2026-02-21,2,Normal
2425272007,2026-02-22,3,Normal
2425272007,2026-02-23,3,Normal
2425272007,2026-02-24,4,Normal
2425272007,2026-02-25,3,Normal
2425272007,2026-02-26,2,Normal
2425272007,2026-02-27,4,Normal
2425272007,2026-02-28,2,Normal
2425272007,2026-03-01,2,Normal
2425272007,2026-03-02,3,Normal
2425272007,2026-03-03,2,Normal
2425272007,2026-03-04,1,Normal
2425272007,2026-03-05,4,Normal
2425272007,2026-03-06,3,Normal
2425272007,2026-03-07,2,Normal
2425272007,2026-03-08,3,Normal
2425272007,2026-03-09,4,Normal
2425272007,2026-03-10,3,Normal
2425272007,2026-03-11,3,Normal
2425272007,2026-03-12,3,Normal
2425272007,2026-03-13,3,Normal
2425272007,2026-03-14,3,Normal
2425272007,2026-03-15,2,Normal
2425272007,2026-03-16,2,Normal
2425272007,2026-03-17,3,Normal
2425272007,2026-03-18,4,Normal
2425272007,2026-03-19,3,Normal
2425272007,2026-03-20,2,Normal
2425272007,2026-03-21,3,Normal
2425272007,2026-03-22,3,Normal
2212257535,2026-02-21,7,Normal
2212257535,2026-02-22,6,Normal
2212257535,2026-02-23,4,Normal
2212257535,2026-02-24,5,Normal
2212257535,2026-02-25,3,Normal
2212257535,2026-02-26,6,Normal
2212257535,2026-02-27,5,Normal
2212257535,2026-02-28,5,Normal
2212257535,2026-03-01,3,Normal
2212257535,2026-03-02,5,Normal
2212257535,2026-03-03,4,Normal
2212257535,2026-03-04,5,Normal
2212257535,2026-03-05,5,Normal
2212257535,2026-03-06,6,Normal
2212257535,2026-03-07,5,Normal
2212257535,2026-03-08,4,Normal
2212257535,2026-03-09,3,Normal
2212257535,2026-03-10,6,Normal
2212257535,2026-03-11,6,Normal
2212257535,2026-03-12,4,Normal
2212257535,2026-03-13,7,Normal
2212257535,2026-03-14,4,Normal
2212257535,2026-03-15,5,Normal
2212257535,2026-03-16,3,Normal
2212257535,2026-03-17,6,Normal
2212257535,2026-03-18,6,Normal
2212257535,2026-03-19,4,Normal
2212257535,2026-03-20,6,Normal
2212257535,2026-03-21,6,Normal
2212257535,2026-03-22,5,Normal
1200278114,2026-02-21,307,Normal
1200278114,2026-02-22,234,Normal
1200278114,2026-02-23,185,Normal
1200278114,2026-02-24,264,Normal
1200278114,2026-02-25,330,Normal
1200278114,2026-02-26,388,Normal
1200278114,2026-02-27,287,Normal
1200278114,2026-02-28,285,Normal
1200278114,2026-03-01,309,Normal
1200278114,2026-03-02,193,Normal
1200278114,2026-03-03,286,Normal
1200278114,2026-03-04,297,Normal
1200278114,2026-03-05,333,Normal
1200278114,2026-03-06,345,Normal
1200278114,2026-03-07,398,Normal
1200278114,2026-03-08,309,Normal
1200278114,2026-03-09,334,Normal
1200278114,2026-03-10,256,Normal
1200278114,2026-03-11,361,Normal
1200278114,2026-03-12,413,Normal
1200278114,2026-03-13,301,Normal
1200278114,2026-03-14,244,Normal
1200278114,2026-03-15,237,Normal
1200278114,2026-03-16,320,Normal
1200278114,2026-03-17,259,Normal
1200278114,2026-03-18,251,Normal
1200278114,2026-03-19,197,Normal
1200278114,2026-03-20,298,Normal
1200278114,2026-03-21,330,Normal
1200278114,2026-03-22,297,Normal
1911160248,2026-02-21,131,Normal
1911160248,2026-02-22,165,Normal
1911160248,2026-02-23,114,Normal
1911160248,2026-02-24,129,Normal
1911160248,2026-02-25,153,Normal
1911160248,2026-02-26,134,Normal
1911160248,2026-02-27,113,Normal
1911160248,2026-02-28,121,Normal
1911160248,2026-03-01,112,Normal
1911160248,2026-03-02,155,Normal
1911160248,2026-03-03,138,Normal
1911160248,2026-03-04,92,Normal
1911160248,2026-03-05,117,Normal
1911160248,2026-03-06,90,Normal
1911160248,2026-03-07,143,Normal
1911160248,2026-03-08,134,Normal
1911160248,2026-03-09,124,Normal
1911160248,2026-03-10,158,Normal
1911160248,2026-03-11,135,Normal
1911160248,2026-03-12,156,Normal
1911160248,2026-03-13,110,Normal
1911160248,2026-03-14,102,Normal
1911160248,2026-03-15,120,Normal
1911160248,2026-03-16,107,Normal
1911160248,2026-03-17,131,Normal
1911160248,2026-03-18,164,Normal
1911160248,2026-03-19,165,Normal
1911160248,2026-03-20,99,Normal
1911160248,2026-03-21,124,Normal
1911160248,2026-03-22,110,Normal
2626113672,2026-02-21,1,Normal
2626113672,2026-02-22,1,Normal
2626113672,2026-02-23,1,Normal
2626113672,2026-02-24,1,Normal
2626113672,2026-02-25,1,Normal
2626113672,2026-02-26,1,Normal
2626113672,2026-02-27,1,Normal
2626113672,2026-02-28,1,Normal
2626113672,2026-03-01,1,Normal
2626113672,2026-03-02,1,Normal
2626113672,2026-03-03,1,Normal
2626113672,2026-03-04,1,Normal
2626113672,2026-03-05,1,Normal
2626113672,2026-03-06,1,Normal
2626113672,2026-03-07,1,Normal
2626113672,2026-03-08,1,Normal
2626113672,2026-03-09,1,Normal
2626113672,2026-03-10,1,Normal
2626113672,2026-03-11,1,Normal
2626113672,2026-03-12,1,Normal
2626113672,2026-03-13,1,Normal
2626113672,2026-03-14,1,Normal
2626113672,2026-03-15,1,Normal
2626113672,2026-03-16,1,Normal
2626113672,2026-03-17,1,Normal
2626113672,2026-03-18,1,Normal
2626113672,2026-03-19,1,Normal
2626113672,2026-03-20,1,Normal
2626113672,2026-03-21,1,Normal
2626113672,2026-03-22,1,Normal
2212140482,2026-02-21,1,Normal
2212140482,2026-02-22,1,Normal
2212140482,2026-02-23,2,Normal
2212140482,2026-02-24,1,Normal
2212140482,2026-02-25,2,Normal
2212140482,2026-02-26,1,Normal
2212140482,2026-02-27,1,Normal
2212140482,2026-02-28,1,Normal
2212140482,2026-03-01,1,Normal
2212140482,2026-03-02,1,Normal
2212140482,2026-03-03,1,Normal
2212140482,2026-03-04,1,Normal
2212140482,2026-03-05,1,Normal
2212140482,2026-03-06,2,Normal
2212140482,2026-03-07,1,Normal
2212140482,2026-03-08,1,Normal
2212140482,2026-03-09,1,Normal
2212140482,2026-03-10,1,Normal
2212140482,2026-03-11,1,Normal
2212140482,2026-03-12,1,Normal
2212140482,2026-03-13,1,Normal
2212140482,2026-03-14,1,Normal
2212140482,2026-03-15,1,Normal
2212140482,2026-03-16,1,Normal
2212140482,2026-03-17,2,Normal
2212140482,2026-03-18,1,Normal
2212140482,2026-03-19,1,Normal
2212140482,2026-03-20,1,Normal
2212140482,2026-03-21,1,Normal
2212140482,2026-03-22,1,Normal
2607173299,2026-02-21,5,Normal
2607173299,2026-02-22,3,Normal
2607173299,2026-02-23,4,Normal
2607173299,2026-02-24,5,Normal
2607173299,2026-02-25,4,Normal
2607173299,2026-02-26,5,Normal
2607173299,2026-02-27,4,Normal
2607173299,2026-02-28,5,Normal
2607173299,2026-03-01,5,Normal
2607173299,2026-03-02,5,Normal
2607173299,2026-03-03,4,Normal
2607173299,2026-03-04,5,Normal
2607173299,2026-03-05,5,Normal
2607173299,2026-03-06,4,Normal
2607173299,2026-03-07,4,Normal
2607173299,2026-03-08,4,Normal
2607173299,2026-03-09,4,Normal
2607173299,2026-03-10,5,Normal
2607173299,2026-03-11,5,Normal
2607173299,2026-03-12,6,Normal
2607173299,2026-03-13,3,Normal
2607173299,2026-03-14,5,Normal
2607173299,2026-03-15,4,Normal
2607173299,2026-03-16,4,Normal
2607173299,2026-03-17,5,Normal
2607173299,2026-03-18,4,Normal
2607173299,2026-03-19,4,Normal
2607173299,2026-03-20,4,Normal
2607173299,2026-03-21,5,Normal
2607173299,2026-03-22,6,Normal
2927356778,2026-02-21,2,Normal
2927356778,2026-02-22,3,Normal
2927356778,2026-02-23,3,Normal
2927356778,2026-02-24,3,Normal
2927356778,2026-02-25,2,Normal
2927356778,2026-02-26,2,Normal
2927356778,2026-02-27,3,Normal
2927356778,2026-02-28,2,Normal
2927356778,2026-03-01,2,Normal
2927356778,2026-03-02,3,Normal
2927356778,2026-03-03,3,Normal
2927356778,2026-03-04,2,Normal
2927356778,2026-03-05,1,Normal
2927356778,2026-03-06,1,Normal
2927356778,2026-03-07,2,Normal
2927356778,2026-03-08,2,Normal
2927356778,2026-03-09,2,Normal
2927356778,2026-03-10,3,Normal
2927356778,2026-03-11,2,Normal
2927356778,2026-03-12,3,Normal
2927356778,2026-03-13,2,Normal
2927356778,2026-03-14,2,Normal
2927356778,2026-03-15,2,Normal
2927356778,2026-03-16,3,Normal
2927356778,2026-03-17,3,Normal
2927356778,2026-03-18,2,Normal
2927356778,2026-03-19,1,Normal
2927356778,2026-03-20,3,Normal
2927356778,2026-03-21,2,Normal
2927356778,2026-03-22,1,Normal
1952332778,2026-02-21,11,Normal
1952332778,2026-02-22,8,Normal
1952332778,2026-02-23,10,Normal
1952332778,2026-02-24,9,Normal
1952332778,2026-02-25,12,Normal
1952332778,2026-02-26,13,Normal
1952332778,2026-02-27,10,Normal
1952332778,2026-02-28,12,Normal
1952332778,2026-03-01,10,Normal
1952332778,2026-03-02,10,Normal
1952332778,2026-03-03,13,Normal
1952332778,2026-03-04,10,Normal
1952332778,2026-03-05,7,Normal
1952332778,2026-03-06,11,Normal
1952332778,2026-03-07,12,Normal
1952332778,2026-03-08,10,Normal
1952332778,2026-03-09,14,Normal
1952332778,2026-03-10,15,Normal
1952332778,2026-03-11,12,Normal
1952332778,2026-03-12,10,Normal
1952332778,2026-03-13,6,Normal
1952332778,2026-03-14,12,Normal
1952332778,2026-03-15,8,Normal
1952332778,2026-03-16,12,Normal
1952332778,2026-03-17,7,Normal
1952332778,2026-03-18,10,Normal
1952332778,2026-03-19,12,Normal
1952332778,2026-03-20,10,Normal
1952332778,2026-03-21,14,Normal
1952332778,2026-03-22,10,Normal
2352898154,2026-02-21,7,Normal
2352898154,2026-02-22,9,Normal
2352898154,2026-02-23,7,Normal
2352898154,2026-02-24,8,Normal
2352898154,2026-02-25,8,Normal
2352898154,2026-02-26,7,Normal
2352898154,2026-02-27,8,Normal
2352898154,2026-02-28,10,Normal
2352898154,2026-03-01,7,Normal
2352898154,2026-03-02,7,Normal
2352898154,2026-03-03,6,Normal
2352898154,2026-03-04,8,Normal
2352898154,2026-03-05,8,Normal
2352898154,2026-03-06,5,Normal
2352898154,2026-03-07,8,Normal
2352898154,2026-03-08,8,Normal
2352898154,2026-03-09,10,Normal
2352898154,2026-03-10,9,Normal
2352898154,2026-03-11,5,Normal
2352898154,2026-03-12,2,Normal
2352898154,2026-03-13,10,Normal
2352898154,2026-03-14,8,Normal
2352898154,2026-03-15,8,Normal
2352898154,2026-03-16,5,Normal
2352898154,2026-03-17,11,Normal
2352898154,2026-03-18,6,Normal
2352898154,2026-03-19,6,Normal
2352898154,2026-03-20,9,Normal
2352898154,2026-03-21,7,Normal
2352898154,2026-03-22,12,Normal
2212235154,2026-02-21,1,Normal
2212235154,2026-02-22,3,Normal
2212235154,2026-02-23,3,Normal
2212235154,2026-02-24,4,Normal
2212235154,2026-02-25,3,Normal
2212235154,2026-02-26,3,Normal
2212235154,2026-02-27,3,Normal
2212235154,2026-02-28,3,Normal
2212235154,2026-03-01,3,Normal
2212235154,2026-03-02,5,Normal
2212235154,2026-03-03,3,Normal
2212235154,2026-03-04,2,Normal
2212235154,2026-03-05,4,Normal
2212235154,2026-03-06,3,Normal
2212235154,2026-03-07,4,Normal
2212235154,2026-03-08,3,Normal
2212235154,2026-03-09,3,Normal
2212235154,2026-03-10,3,Normal
2212235154,2026-03-11,3,Normal
2212235154,2026-03-12,2,Normal
2212235154,2026-03-13,4,Normal
2212235154,2026-03-14,1,Normal
2212235154,2026-03-15,3,Normal
2212235154,2026-03-16,3,Normal
2212235154,2026-03-17,4,Normal
2212235154,2026-03-18,3,Normal
2212235154,2026-03-19,3,Normal
2212235154,2026-03-20,4,Normal
2212235154,2026-03-21,2,Normal
2212235154,2026-03-22,3,Normal
2237752421,2026-02-21,66,Normal
2237752421,2026-02-22,67,Normal
2237752421,2026-02-23,71,Normal
2237752421,2026-02-24,92,Normal
2237752421,2026-02-25,44,Normal
2237752421,2026-02-26,84,Normal
2237752421,2026-02-27,48,Normal
2237752421,2026-02-28,45,Normal
2237752421,2026-03-01,66,Normal
2237752421,2026-03-02,84,Normal
2237752421,2026-03-03,76,Normal
2237752421,2026-03-04,90,Normal
2237752421,2026-03-05,88,Normal
2237752421,2026-03-06,66,Normal
2237752421,2026-03-07,113,Normal
2237752421,2026-03-08,72,Normal
2237752421,2026-03-09,84,Normal
2237752421,2026-03-10,73,Normal
2237752421,2026-03-11,74,Normal
2237752421,2026-03-12,40,Normal
2237752421,2026-03-13,78,Normal
2237752421,2026-03-14,38,Normal
2237752421,2026-03-15,61,Normal
2237752421,2026-03-16,95,Normal
2237752421,2026-03-17,77,Normal
2237752421,2026-03-18,60,Normal
2237752421,2026-03-19,89,Normal
2237752421,2026-03-20,82,Normal
2237752421,2026-03-21,78,Normal
2237752421,2026-03-22,61,Normal
2596204462,2026-02-21,2,Normal
2596204462,2026-02-22,2,Normal
2596204462,2026-02-23,2,Normal
2596204462,2026-02-24,2,Normal
2596204462,2026-02-25,1,Normal
2596204462,2026-02-26,2,Normal
2596204462,2026-02-27,1,Normal
2596204462,2026-02-28,2,Normal
2596204462,2026-03-01,2,Normal
2596204462,2026-03-02,2,Normal
2596204462,2026-03-03,2,Normal
2596204462,2026-03-04,2,Normal
2596204462,2026-03-05,2,Normal
2596204462,2026-03-06,3,Normal
2596204462,2026-03-07,1,Normal
2596204462,2026-03-08,3,Normal
2596204462,2026-03-09,2,Normal
2596204462,2026-03-10,2,Normal
2596204462,2026-03-11,3,Normal
2596204462,2026-03-12,2,Normal
2596204462,2026-03-13,3,Normal
2596204462,2026-03-14,2,Normal
2596204462,2026-03-15,2,Normal
2596204462,2026-03-16,2,Normal
2596204462,2026-03-17,3,Normal
2596204462,2026-03-18,2,Normal
2596204462,2026-03-19,2,Normal
2596204462,2026-03-20,3,Normal
2596204462,2026-03-21,1,Normal
2596204462,2026-03-22,3,Normal
2844954525,2026-02-21,1,Normal
2844954525,2026-02-22,2,Normal
2844954525,2026-02-23,2,Normal
2844954525,2026-02-24,1,Normal
2844954525,2026-02-25,1,Normal
2844954525,2026-02-26,2,Normal
2844954525,2026-02-27,2,Normal
2844954525,2026-02-28,2,Normal
2844954525,2026-03-01,1,Normal
2844954525,2026-03-02,1,Normal
2844954525,2026-03-03,1,Normal
2844954525,2026-03-04,1,Normal
2844954525,2026-03-05,2,Normal
2844954525,2026-03-06,1,Normal
2844954525,2026-03-07,2,Normal
2844954525,2026-03-08,2,Normal
2844954525,2026-03-09,2,Normal
2844954525,2026-03-10,2,Normal
2844954525,2026-03-11,2,Normal
2844954525,2026-03-12,1,Normal
2844954525,2026-03-13,3,Normal
2844954525,2026-03-14,1,Normal
2844954525,2026-03-15,2,Normal
2844954525,2026-03-16,2,Normal
2844954525,2026-03-17,1,Normal
2844954525,2026-03-18,2,Normal
2844954525,2026-03-19,2,Normal
2844954525,2026-03-20,2,Normal
2844954525,2026-03-21,1,Normal
2844954525,2026-03-22,2,Normal
2891317979,2026-02-21,22,Normal
2891317979,2026-02-22,22,Normal
2891317979,2026-02-23,16,Normal
2891317979,2026-02-24,20,Normal
2891317979,2026-02-25,27,Normal
2891317979,2026-02-26,24,Normal
2891317979,2026-02-27,23,Normal
2891317979,2026-02-28,30,Normal
2891317979,2026-03-01,27,Normal
2891317979,2026-03-02,23,Normal
2891317979,2026-03-03,17,Normal
2891317979,2026-03-04,15,Normal
2891317979,2026-03-05,26,Normal
2891317979,2026-03-06,21,Normal
2891317979,2026-03-07,24,Normal
2891317979,2026-03-08,20,Normal
2891317979,2026-03-09,27,Normal
2891317979,2026-03-10,23,Normal
2891317979,2026-03-11,16,Normal
2891317979,2026-03-12,26,Normal
2891317979,2026-03-13,19,Normal
2891317979,2026-03-14,14,Normal
2891317979,2026-03-15,21,Normal
2891317979,2026-03-16,13,Normal
2891317979,2026-03-17,33,Normal
2891317979,2026-03-18,21,Normal
2891317979,2026-03-19,24,Normal
2891317979,2026-03-20,13,Normal
2891317979,2026-03-21,15,Normal
2891317979,2026-03-22,21,Normal
3178552950,2026-02-21,1,Normal
3178552950,2026-02-22,1,Normal
3178552950,2026-02-23,1,Normal
3178552950,2026-02-24,1,Normal
3178552950,2026-02-25,1,Normal
3178552950,2026-02-26,1,Normal
3178552950,2026-02-27,1,Normal
3178552950,2026-02-28,1,Normal
3178552950,2026-03-01,1,Normal
3178552950,2026-03-02,1,Normal
3178552950,2026-03-03,1,Normal
3178552950,2026-03-04,1,Normal
3178552950,2026-03-05,1,Normal
3178552950,2026-03-06,1,Normal
3178552950,2026-03-07,1,Normal
3178552950,2026-03-08,1,Normal
3178552950,2026-03-09,1,Normal
3178552950,2026-03-10,1,Normal
3178552950,2026-03-11,1,Normal
3178552950,2026-03-12,1,Normal
3178552950,2026-03-13,1,Normal
3178552950,2026-03-14,1,Normal
3178552950,2026-03-15,1,Normal
3178552950,2026-03-16,1,Normal
3178552950,2026-03-17,1,Normal
3178552950,2026-03-18,1,Normal
3178552950,2026-03-19,1,Normal
3178552950,2026-03-20,1,Normal
3178552950,2026-03-21,1,Normal
3178552950,2026-03-22,1,Normal
2874716240,2026-02-21,11,Normal
2874716240,2026-02-22,11,Normal
2874716240,2026-02-23,5,Normal
2874716240,2026-02-24,9,Normal
2874716240,2026-02-25,10,Normal
2874716240,2026-02-26,9,Normal
2874716240,2026-02-27,10,Normal
2874716240,2026-02-28,9,Normal
2874716240,2026-03-01,11,Normal
2874716240,2026-03-02,11,Normal
2874716240,2026-03-03,10,Normal
2874716240,2026-03-04,7,Normal
2874716240,2026-03-05,12,Normal
2874716240,2026-03-06,5,Normal
2874716240,2026-03-07,10,Normal
2874716240,2026-03-08,10,Normal
2874716240,2026-03-09,6,Normal
2874716240,2026-03-10,10,Normal
2874716240,2026-03-11,8,Normal
2874716240,2026-03-12,11,Normal
2874716240,2026-03-13,8,Normal
2874716240,2026-03-14,11,Normal
2874716240,2026-03-15,9,Normal
2874716240,2026-03-16,12,Normal
2874716240,2026-03-17,13,Normal
2874716240,2026-03-18,11,Normal
2874716240,2026-03-19,7,Normal
2874716240,2026-03-20,9,Normal
2874716240,2026-03-21,8,Normal
2874716240,2026-03-22,9,Normal
2177390029,2026-02-21,8,Normal
2177390029,2026-02-22,5,Normal
2177390029,2026-02-23,9,Normal
2177390029,2026-02-24,8,Normal
2177390029,2026-02-25,8,Normal
2177390029,2026-02-26,8,Normal
2177390029,2026-02-27,11,Normal
2177390029,2026-02-28,8,Normal
2177390029,2026-03-01,8,Normal
2177390029,2026-03-02,9,Normal
2177390029,2026-03-03,8,Normal
2177390029,2026-03-04,9,Normal
2177390029,2026-03-05,5,Normal
2177390029,2026-03-06,7,Normal
2177390029,2026-03-07,8,Normal
2177390029,2026-03-08,9,Normal
2177390029,2026-03-09,6,Normal
2177390029,2026-03-10,8,Normal
2177390029,2026-03-11,6,Normal
2177390029,2026-03-12,10,Normal
2177390029,2026-03-13,10,Normal
2177390029,2026-03-14,8,Normal
2177390029,2026-03-15,11,Normal
2177390029,2026-03-16,9,Normal
2177390029,2026-03-17,10,Normal
2177390029,2026-03-18,4,Normal
2177390029,2026-03-19,7,Normal
2177390029,2026-03-20,9,Normal
2177390029,2026-03-21,5,Normal
2177390029,2026-03-22,8,Normal
2277217116,2026-02-21,7,Normal
2277217116,2026-02-22,9,Normal
2277217116,2026-02-23,11,Normal
2277217116,2026-02-24,7,Normal
2277217116,2026-02-25,10,Normal
2277217116,2026-02-26,10,Normal
2277217116,2026-02-27,8,Normal
2277217116,2026-02-28,7,Normal
2277217116,2026-03-01,8,Normal
2277217116,2026-03-02,8,Normal
2277217116,2026-03-03,10,Normal
2277217116,2026-03-04,12,Normal
2277217116,2026-03-05,11,Normal
2277217116,2026-03-06,7,Normal
2277217116,2026-03-07,7,Normal
2277217116,2026-03-08,8,Normal
2277217116,2026-03-09,8,Normal
2277217116,2026-03-10,10,Normal
2277217116,2026-03-11,7,Normal
2277217116,2026-03-12,8,Normal
2277217116,2026-03-13,8,Normal
2277217116,2026-03-14,8,Normal
2277217116,2026-03-15,9,Normal
2277217116,2026-03-16,8,Normal
2277217116,2026-03-17,9,Normal
2277217116,2026-03-18,7,Normal
2277217116,2026-03-19,8,Normal
2277217116,2026-03-20,6,Normal
2277217116,2026-03-21,10,Normal
2277217116,2026-03-22,8,Normal
2893690300,2026-02-21,8,Normal
2893690300,2026-02-22,8,Normal
2893690300,2026-02-23,8,Normal
2893690300,2026-02-24,9,Normal
2893690300,2026-02-25,7,Normal
2893690300,2026-02-26,10,Normal
2893690300,2026-02-27,9,Normal
2893690300,2026-02-28,9,Normal
2893690300,2026-03-01,7,Normal
2893690300,2026-03-02,5,Normal
2893690300,2026-03-03,10,Normal
2893690300,2026-03-04,8,Normal
2893690300,2026-03-05,8,Normal
2893690300,2026-03-06,11,Normal
2893690300,2026-03-07,9,Normal
2893690300,2026-03-08,9,Normal
2893690300,2026-03-09,9,Normal
2893690300,2026-03-10,10,Normal
2893690300,2026-03-11,10,Normal
2893690300,2026-03-12,8,Normal
2893690300,2026-03-13,8,Normal
2893690300,2026-03-14,8,Normal
2893690300,2026-03-15,9,Normal
2893690300,2026-03-16,11,Normal
2893690300,2026-03-17,8,Normal
2893690300,2026-03-18,5,Normal
2893690300,2026-03-19,9,Normal
2893690300,2026-03-20,4,Normal
2893690300,2026-03-21,7,Normal
2893690300,2026-03-22,5,Normal
2395790995,2026-02-21,65,Normal
2395790995,2026-02-22,69,Normal
2395790995,2026-02-23,64,Normal
2395790995,2026-02-24,71,Normal
2395790995,2026-02-25,63,Normal
2395790995,2026-02-26,29,Normal
2395790995,2026-02-27,76,Normal
2395790995,2026-02-28,90,Normal
2395790995,2026-03-01,67,Normal
2395790995,2026-03-02,46,Normal
2395790995,2026-03-03,43,Normal
2395790995,2026-03-04,69,Normal
2395790995,2026-03-05,46,Normal
2395790995,2026-03-06,52,Normal
2395790995,2026-03-07,83,Normal
2395790995,2026-03-08,58,Normal
2395790995,2026-03-09,96,Normal
2395790995,2026-03-10,81,Normal
2395790995,2026-03-11,68,Normal
2395790995,2026-03-12,55,Normal
2395790995,2026-03-13,44,Normal
2395790995,2026-03-14,77,Normal
2395790995,2026-03-15,63,Normal
2395790995,2026-03-16,67,Normal
2395790995,2026-03-17,91,Normal
2395790995,2026-03-18,63,Normal
2395790995,2026-03-19,88,Normal
2395790995,2026-03-20,54,Normal
2395790995,2026-03-21,59,Normal
2395790995,2026-03-22,57,Normal
1889345857,2026-02-21,23,Normal
1889345857,2026-02-22,15,Normal
1889345857,2026-02-23,22,Normal
1889345857,2026-02-24,20,Normal
1889345857,2026-02-25,19,Normal
1889345857,2026-02-26,19,Normal
1889345857,2026-02-27,22,Normal
1889345857,2026-02-28,12,Normal
1889345857,2026-03-01,16,Normal
1889345857,2026-03-02,10,Normal
1889345857,2026-03-03,20,Normal
1889345857,2026-03-04,13,Normal
1889345857,2026-03-05,18,Normal
1889345857,2026-03-06,17,Normal
1889345857,2026-03-07,12,Normal
1889345857,2026-03-08,21,Normal
1889345857,2026-03-09,17,Normal
1889345857,2026-03-10,20,Normal
1889345857,2026-03-11,15,Normal
1889345857,2026-03-12,23,Normal
1889345857,2026-03-13,17,Normal
1889345857,2026-03-14,19,Normal
1889345857,2026-03-15,12,Normal
1889345857,2026-03-16,16,Normal
1889345857,2026-03-17,17,Normal
1889345857,2026-03-18,12,Normal
1889345857,2026-03-19,23,Normal
1889345857,2026-03-20,18,Normal
1889345857,2026-03-21,19,Normal
1889345857,2026-03-22,12,Normal
2496526828,2026-02-21,32,Normal
2496526828,2026-02-22,35,Normal
2496526828,2026-02-23,30,Normal
2496526828,2026-02-24,38,Normal
2496526828,2026-02-25,28,Normal
2496526828,2026-02-26,32,Normal
2496526828,2026-02-27,31,Normal
2496526828,2026-02-28,27,Normal
2496526828,2026-03-01,30,Normal
2496526828,2026-03-02,28,Normal
2496526828,2026-03-03,27,Normal
2496526828,2026-03-04,17,Normal
2496526828,2026-03-05,29,Normal
2496526828,2026-03-06,38,Normal
2496526828,2026-03-07,30,Normal
2496526828,2026-03-08,28,Normal
2496526828,2026-03-09,32,Normal
2496526828,2026-03-10,27,Normal
2496526828,2026-03-11,22,Normal
2496526828,2026-03-12,26,Normal
2496526828,2026-03-13,18,Normal
2496526828,2026-03-14,24,Normal
2496526828,2026-03-15,26,Normal
2496526828,2026-03-16,28,Normal
2496526828,2026-03-17,26,Normal
2496526828,2026-03-18,37,Normal
2496526828,2026-03-19,29,Normal
2496526828,2026-03-20,36,Normal
2496526828,2026-03-21,23,Normal
2496526828,2026-03-22,27,Normal
2898188292,2026-02-21,2,Normal
2898188292,2026-02-22,2,Normal
2898188292,2026-02-23,1,Normal
2898188292,2026-02-24,1,Normal
2898188292,2026-02-25,2,Normal
2898188292,2026-02-26,1,Normal
2898188292,2026-02-27,1,Normal
2898188292,2026-02-28,2,Normal
2898188292,2026-03-01,2,Normal
2898188292,2026-03-02,3,Normal
2898188292,2026-03-03,2,Normal
2898188292,2026-03-04,1,Normal
2898188292,2026-03-05,2,Normal
2898188292,2026-03-06,2,Normal
2898188292,2026-03-07,1,Normal
2898188292,2026-03-08,2,Normal
2898188292,2026-03-09,2,Normal
2898188292,2026-03-10,2,Normal
2898188292,2026-03-11,2,Normal
2898188292,2026-03-12,1,Normal
2898188292,2026-03-13,2,Normal
2898188292,2026-03-14,2,Normal
2898188292,2026-03-15,1,Normal
2898188292,2026-03-16,1,Normal
2898188292,2026-03-17,1,Normal
2898188292,2026-03-18,2,Normal
2898188292,2026-03-19,2,Normal
2898188292,2026-03-20,3,Normal
2898188292,2026-03-21,2,Normal
2898188292,2026-03-22,2,Normal
1545163544,2026-02-21,17,Normal
1545163544,2026-02-22,12,Normal
1545163544,2026-02-23,15,Normal
1545163544,2026-02-24,18,Normal
1545163544,2026-02-25,16,Normal
1545163544,2026-02-26,14,Normal
1545163544,2026-02-27,16,Normal
1545163544,2026-02-28,11,Normal
1545163544,2026-03-01,16,Normal
1545163544,2026-03-02,18,Normal
1545163544,2026-03-03,17,Normal
1545163544,2026-03-04,11,Normal
1545163544,2026-03-05,15,Normal
1545163544,2026-03-06,20,Normal
1545163544,2026-03-07,13,Normal
1545163544,2026-03-08,13,Normal
1545163544,2026-03-09,16,Normal
1545163544,2026-03-10,18,Normal
1545163544,2026-03-11,18,Normal
1545163544,2026-03-12,17,Normal
1545163544,2026-03-13,18,Normal
1545163544,2026-03-14,15,Normal
1545163544,2026-03-15,16,Normal
1545163544,2026-03-16,11,Normal
1545163544,2026-03-17,14,Normal
1545163544,2026-03-18,19,Normal
1545163544,2026-03-19,18,Normal
1545163544,2026-03-20,14,Normal
1545163544,2026-03-21,19,Normal
1545163544,2026-03-22,14,Normal
2468695601,2026-02-21,13,Normal
2468695601,2026-02-22,13,Normal
2468695601,2026-02-23,18,Normal
2468695601,2026-02-24,15,Normal
2468695601,2026-02-25,17,Normal
2468695601,2026-02-26,17,Normal
2468695601,2026-02-27,23,Normal
2468695601,2026-02-28,15,Normal
2468695601,2026-03-01,19,Normal
2468695601,2026-03-02,11,Normal
2468695601,2026-03-03,11,Normal
2468695601,2026-03-04,18,Normal
2468695601,2026-03-05,13,Normal
2468695601,2026-03-06,17,Normal
2468695601,2026-03-07,16,Normal
2468695601,2026-03-08,15,Normal
2468695601,2026-03-09,14,Normal
2468695601,2026-03-10,14,Normal
2468695601,2026-03-11,13,Normal
2468695601,2026-03-12,17,Normal
2468695601,2026-03-13,19,Normal
2468695601,2026-03-14,12,Normal
2468695601,2026-03-15,19,Normal
2468695601,2026-03-16,14,Normal
2468695601,2026-03-17,17,Normal
2468695601,2026-03-18,12,Normal
2468695601,2026-03-19,11,Normal
2468695601,2026-03-20,8,Normal
2468695601,2026-03-21,13,Normal
2468695601,2026-03-22,13,Normal
2349006289,2026-02-21,18,Normal
2349006289,2026-02-22,11,Normal
2349006289,2026-02-23,23,Normal
2349006289,2026-02-24,18,Normal
2349006289,2026-02-25,21,Normal
2349006289,2026-02-26,15,Normal
2349006289,2026-02-27,15,Normal
2349006289,2026-02-28,19,Normal
2349006289,2026-03-01,23,Normal
2349006289,2026-03-02,15,Normal
2349006289,2026-03-03,18,Normal
2349006289,2026-03-04,17,Normal
2349006289,2026-03-05,13,Normal
2349006289,2026-03-06,15,Normal
2349006289,2026-03-07,16,Normal
2349006289,2026-03-08,17,Normal
2349006289,2026-03-09,11,Normal
2349006289,2026-03-10,17,Normal
2349006289,2026-03-11,14,Normal
2349006289,2026-03-12,17,Normal
2349006289,2026-03-13,16,Normal
2349006289,2026-03-14,12,Normal
2349006289,2026-03-15,22,Normal
2349006289,2026-03-16,8,Normal
2349006289,2026-03-17,18,Normal
2349006289,2026-03-18,11,Normal
2349006289,2026-03-19,14,Normal
2349006289,2026-03-20,20,Normal
2349006289,2026-03-21,14,Normal
2349006289,2026-03-22,18,Normal
3125024003,2026-02-21,1,Normal
3125024003,2026-02-22,1,Normal
3125024003,2026-02-23,1,Normal
3125024003,2026-02-24,1,Normal
3125024003,2026-02-25,1,Normal
3125024003,2026-02-26,1,Normal
3125024003,2026-02-27,1,Normal
3125024003,2026-02-28,1,Normal
3125024003,2026-03-01,1,Normal
3125024003,2026-03-02,1,Normal
3125024003,2026-03-03,1,Normal
3125024003,2026-03-04,1,Normal
3125024003,2026-03-05,1,Normal
3125024003,2026-03-06,1,Normal
3125024003,2026-03-07,1,Normal
3125024003,2026-03-08,1,Normal
3125024003,2026-03-09,1,Normal
3125024003,2026-03-10,1,Normal
3125024003,2026-03-11,1,Normal
3125024003,2026-03-12,1,Normal
3125024003,2026-03-13,1,Normal
3125024003,2026-03-14,1,Normal
3125024003,2026-03-15,1,Normal
3125024003,2026-03-16,1,Normal
3125024003,2026-03-17,1,Normal
3125024003,2026-03-18,1,Normal
3125024003,2026-03-19,1,Normal
3125024003,2026-03-20,1,Normal
3125024003,2026-03-21,1,Normal
3125024003,2026-03-22,1,Normal
2792441788,2026-02-21,175,Normal
2792441788,2026-02-22,185,Normal
2792441788,2026-02-23,258,Normal
2792441788,2026-02-24,214,Normal
2792441788,2026-02-25,193,Normal
2792441788,2026-02-26,127,Normal
2792441788,2026-02-27,193,Normal
2792441788,2026-02-28,207,Normal
2792441788,2026-03-01,199,Normal
2792441788,2026-03-02,218,Normal
2792441788,2026-03-03,203,Normal
2792441788,2026-03-04,155,Normal
2792441788,2026-03-05,220,Normal
2792441788,2026-03-06,149,Normal
2792441788,2026-03-07,180,Normal
2792441788,2026-03-08,226,Normal
2792441788,2026-03-09,116,Normal
2792441788,2026-03-10,200,Normal
2792441788,2026-03-11,177,Normal
2792441788,2026-03-12,250,Normal
2792441788,2026-03-13,189,Normal
2792441788,2026-03-14,185,Normal
2792441788,2026-03-15,231,Normal
2792441788,2026-03-16,117,Normal
2792441788,2026-03-17,136,Normal
2792441788,2026-03-18,271,Normal
2792441788,2026-03-19,167,Normal
2792441788,2026-03-20,213,Normal
2792441788,2026-03-21,160,Normal
2792441788,2026-03-22,153,Normal
1208558810,2026-02-21,18,Normal
1208558810,2026-02-22,15,Normal
1208558810,2026-02-23,15,Normal
1208558810,2026-02-24,23,Normal
1208558810,2026-02-25,15,Normal
1208558810,2026-02-26,20,Normal
1208558810,2026-02-27,15,Normal
1208558810,2026-02-28,20,Normal
1208558810,2026-03-01,18,Normal
1208558810,2026-03-02,18,Normal
1208558810,2026-03-03,19,Normal
1208558810,2026-03-04,20,Normal
1208558810,2026-03-05,19,Normal
1208558810,2026-03-06,23,Normal
1208558810,2026-03-07,11,Normal
1208558810,2026-03-08,20,Normal
1208558810,2026-03-09,18,Normal
1208558810,2026-03-10,24,Normal
1208558810,2026-03-11,21,Normal
1208558810,2026-03-12,17,Normal
1208558810,2026-03-13,23,Normal
1208558810,2026-03-14,20,Normal
1208558810,2026-03-15,18,Normal
1208558810,2026-03-16,17,Normal
1208558810,2026-03-17,17,Normal
1208558810,2026-03-18,21,Normal
1208558810,2026-03-19,15,Normal
1208558810,2026-03-20,20,Normal
1208558810,2026-03-21,13,Normal
1208558810,2026-03-22,18,Normal
3199245742,2026-02-21,1,Normal
3199245742,2026-02-22,1,Normal
3199245742,2026-02-23,1,Normal
3199245742,2026-02-24,2,Normal
3199245742,2026-02-25,2,Normal
3199245742,2026-02-26,2,Normal
3199245742,2026-02-27,2,Normal
3199245742,2026-02-28,2,Normal
3199245742,2026-03-01,2,Normal
3199245742,2026-03-02,3,Normal
3199245742,2026-03-03,1,Normal
3199245742,2026-03-04,2,Normal
3199245742,2026-03-05,1,Normal
3199245742,2026-03-06,2,Normal
3199245742,2026-03-07,2,Normal
3199245742,2026-03-08,2,Normal
3199245742,2026-03-09,2,Normal
3199245742,2026-03-10,2,Normal
3199245742,2026-03-11,2,Normal
3199245742,2026-03-12,2,Normal
3199245742,2026-03-13,1,Normal
3199245742,2026-03-14,2,Normal
3199245742,2026-03-15,2,Normal
3199245742,2026-03-16,2,Normal
3199245742,2026-03-17,2,Normal
3199245742,2026-03-18,2,Normal
3199245742,2026-03-19,1,Normal
3199245742,2026-03-20,1,Normal
3199245742,2026-03-21,1,Normal
3199245742,2026-03-22,2,Normal
2597861515,2026-02-21,6,Normal
2597861515,2026-02-22,12,Normal
2597861515,2026-02-23,9,Normal
2597861515,2026-02-24,9,Normal
2597861515,2026-02-25,5,Normal
2597861515,2026-02-26,11,Normal
2597861515,2026-02-27,11,Normal
2597861515,2026-02-28,8,Normal
2597861515,2026-03-01,10,Normal
2597861515,2026-03-02,8,Normal
2597861515,2026-03-03,11,Normal
2597861515,2026-03-04,10,Normal
2597861515,2026-03-05,7,Normal
2597861515,2026-03-06,9,Normal
2597861515,2026-03-07,6,Normal
2597861515,2026-03-08,7,Normal
2597861515,2026-03-09,9,Normal
2597861515,2026-03-10,9,Normal
2597861515,2026-03-11,10,Normal
2597861515,2026-03-12,6,Normal
2597861515,2026-03-13,9,Normal
2597861515,2026-03-14,9,Normal
2597861515,2026-03-15,11,Normal
2597861515,2026-03-16,10,Normal
2597861515,2026-03-17,9,Normal
2597861515,2026-03-18,7,Normal
2597861515,2026-03-19,7,Normal
2597861515,2026-03-20,11,Normal
2597861515,2026-03-21,8,Normal
2597861515,2026-03-22,9,Normal
3039882731,2026-02-21,3,Normal
3039882731,2026-02-22,4,Normal
3039882731,2026-02-23,3,Normal
3039882731,2026-02-24,3,Normal
3039882731,2026-02-25,4,Normal
3039882731,2026-02-26,2,Normal
3039882731,2026-02-27,4,Normal
3039882731,2026-02-28,3,Normal
3039882731,2026-03-01,3,Normal
3039882731,2026-03-02,3,Normal
3039882731,2026-03-03,3,Normal
3039882731,2026-03-04,3,Normal
3039882731,2026-03-05,3,Normal
3039882731,2026-03-06,3,Normal
3039882731,2026-03-07,3,Normal
3039882731,2026-03-08,4,Normal
3039882731,2026-03-09,4,Normal
3039882731,2026-03-10,3,Normal
3039882731,2026-03-11,3,Normal
3039882731,2026-03-12,4,Normal
3039882731,2026-03-13,4,Normal
3039882731,2026-03-14,2,Normal
3039882731,2026-03-15,4,Normal
3039882731,2026-03-16,2,Normal
3039882731,2026-03-17,3,Normal
3039882731,2026-03-18,2,Normal
3039882731,2026-03-19,3,Normal
3039882731,2026-03-20,2,Normal
3039882731,2026-03-21,3,Normal
3039882731,2026-03-22,3,Normal
3029432334,2026-02-21,1,Normal
3029432334,2026-02-22,1,Normal
3029432334,2026-02-23,1,Normal
3029432334,2026-02-24,1,Normal
3029432334,2026-02-25,1,Normal
3029432334,2026-02-26,1,Normal
3029432334,2026-02-27,1,Normal
3029432334,2026-02-28,1,Normal
3029432334,2026-03-01,1,Normal
3029432334,2026-03-02,1,Normal
3029432334,2026-03-03,1,Normal
3029432334,2026-03-04,1,Normal
3029432334,2026-03-05,1,Normal
3029432334,2026-03-06,1,Normal
3029432334,2026-03-07,1,Normal
3029432334,2026-03-08,1,Normal
3029432334,2026-03-09,1,Normal
3029432334,2026-03-10,1,Normal
3029432334,2026-03-11,1,Normal
3029432334,2026-03-12,1,Normal
3029432334,2026-03-13,1,Normal
3029432334,2026-03-14,1,Normal
3029432334,2026-03-15,1,Normal
3029432334,2026-03-16,1,Normal
3029432334,2026-03-17,1,Normal
3029432334,2026-03-18,1,Normal
3029432334,2026-03-19,1,Normal
3029432334,2026-03-20,1,Normal
3029432334,2026-03-21,1,Normal
3029432334,2026-03-22,1,Normal
2610329307,2026-02-21,9,Normal
2610329307,2026-02-22,9,Normal
2610329307,2026-02-23,8,Normal
2610329307,2026-02-24,10,Normal
2610329307,2026-02-25,10,Normal
2610329307,2026-02-26,8,Normal
2610329307,2026-02-27,10,Normal
2610329307,2026-02-28,10,Normal
2610329307,2026-03-01,12,Normal
2610329307,2026-03-02,8,Normal
2610329307,2026-03-03,10,Normal
2610329307,2026-03-04,7,Normal
2610329307,2026-03-05,8,Normal
2610329307,2026-03-06,10,Normal
2610329307,2026-03-07,9,Normal
2610329307,2026-03-08,7,Normal
2610329307,2026-03-09,10,Normal
2610329307,2026-03-10,8,Normal
2610329307,2026-03-11,10,Normal
2610329307,2026-03-12,7,Normal
2610329307,2026-03-13,10,Normal
2610329307,2026-03-14,11,Normal
2610329307,2026-03-15,11,Normal
2610329307,2026-03-16,9,Normal
2610329307,2026-03-17,8,Normal
2610329307,2026-03-18,9,Normal
2610329307,2026-03-19,7,Normal
2610329307,2026-03-20,10,Normal
2610329307,2026-03-21,9,Normal
2610329307,2026-03-22,11,Normal
2485051823,2026-02-21,1,Normal
2485051823,2026-02-22,1,Normal
2485051823,2026-02-23,1,Normal
2485051823,2026-02-24,1,Normal
2485051823,2026-02-25,1,Normal
2485051823,2026-02-26,1,Normal
2485051823,2026-02-27,1,Normal
2485051823,2026-02-28,1,Normal
2485051823,2026-03-01,1,Normal
2485051823,2026-03-02,1,Normal
2485051823,2026-03-03,1,Normal
2485051823,2026-03-04,1,Normal
2485051823,2026-03-05,1,Normal
2485051823,2026-03-06,1,Normal
2485051823,2026-03-07,1,Normal
2485051823,2026-03-08,1,Normal
2485051823,2026-03-09,1,Normal
2485051823,2026-03-10,1,Normal
2485051823,2026-03-11,1,Normal
2485051823,2026-03-12,1,Normal
2485051823,2026-03-13,1,Normal
2485051823,2026-03-14,1,Normal
2485051823,2026-03-15,1,Normal
2485051823,2026-03-16,1,Normal
2485051823,2026-03-17,1,Normal
2485051823,2026-03-18,1,Normal
2485051823,2026-03-19,1,Normal
2485051823,2026-03-20,1,Normal
2485051823,2026-03-21,1,Normal
2485051823,2026-03-22,1,Normal
2352967799,2026-02-21,3,Normal
2352967799,2026-02-22,3,Normal
2352967799,2026-02-23,3,Normal
2352967799,2026-02-24,4,Normal
2352967799,2026-02-25,3,Normal
2352967799,2026-02-26,5,Normal
2352967799,2026-02-27,4,Normal
2352967799,2026-02-28,4,Normal
2352967799,2026-03-01,5,Normal
2352967799,2026-03-02,5,Normal
2352967799,2026-03-03,6,Normal
2352967799,2026-03-04,3,Normal
2352967799,2026-03-05,3,Normal
2352967799,2026-03-06,3,Normal
2352967799,2026-03-07,4,Normal
2352967799,2026-03-08,4,Normal
2352967799,2026-03-09,3,Normal
2352967799,2026-03-10,4,Normal
2352967799,2026-03-11,6,Normal
2352967799,2026-03-12,3,Normal
2352967799,2026-03-13,2,Normal
2352967799,2026-03-14,4,Normal
2352967799,2026-03-15,4,Normal
2352967799,2026-03-16,4,Normal
2352967799,2026-03-17,5,Normal
2352967799,2026-03-18,5,Normal
2352967799,2026-03-19,5,Normal
2352967799,2026-03-20,4,Normal
2352967799,2026-03-21,5,Normal
2352967799,2026-03-22,3,Normal
